2003-oweek-01-14-intro.pdf	https://web.archive.org/web/20040619001755id_/http://www.teamwiess.com/oweek/01-14%20intro.pdf
2003-oweek-35-44-wiess.pdf	https://web.archive.org/web/20040416083807id_/http://www.teamwiess.com/oweek/35-44%20wiess.pdf
2003-oweek-61-74-college.pdf	https://web.archive.org/web/20040416075437id_/http://www.teamwiess.com/oweek/61-74%20college.pdf
2003-oweek-80-88-conclusions.pdf	https://web.archive.org/web/20040416103931id_/http://www.teamwiess.com/oweek/80-88%20conclusions.pdf
2006-oweek-book.pdf	https://web.archive.org/web/20070709182921id_/http://teamwiess.com/doc/content/wiess_o-week_book_2006.pdf
2007-oweek-book.pdf	https://web.archive.org/web/20070801185003id_/http://teamwiess.com/wiess_o-week_book_2007.pdf
2008-oweek-FrontCover.pdf	https://web.archive.org/web/20080625214721id_/http://www.teamwiess.com/downloads/o-week/FrontCover2008.pdf
2008-oweek-Part_1.pdf	https://web.archive.org/web/20080625214757id_/http://www.teamwiess.com/downloads/o-week/Part_1_2008.pdf
2008-oweek-Part_2.pdf	https://web.archive.org/web/20080625214815id_/http://www.teamwiess.com/downloads/o-week/Part_2_2008.pdf
2008-oweek-Part_3.pdf	https://web.archive.org/web/20080625214833id_/http://www.teamwiess.com/downloads/o-week/Part_3_2008.pdf
2008-oweek-Part_4.pdf	https://web.archive.org/web/20080625214728id_/http://www.teamwiess.com/downloads/o-week/Part_4_2008.pdf
2008-oweek-Part_5.pdf	https://web.archive.org/web/20080625214746id_/http://www.teamwiess.com/downloads/o-week/Part_5_2008.pdf
2008-oweek-Part_6.pdf	https://web.archive.org/web/20080625214810id_/http://www.teamwiess.com/downloads/o-week/Part_6_2008.pdf
2008-oweek-Part_7.pdf	https://web.archive.org/web/20080625214846id_/http://www.teamwiess.com/downloads/o-week/Part_7_2008.pdf
2009-oweek-Part_2.pdf	https://web.archive.org/web/20090824073254id_/http://www.teamwiess.com/downloads/o-week/Part_2_2009.pdf
2009-oweek-Part_4.pdf	https://web.archive.org/web/20090824073318id_/http://www.teamwiess.com/downloads/o-week/Part_4_2009.pdf
2009-oweek-Part_5.pdf	https://web.archive.org/web/20090824073345id_/http://www.teamwiess.com/downloads/o-week/Part_5_2009.pdf
2009-oweek-Part_6.pdf	https://web.archive.org/web/20090824073422id_/http://www.teamwiess.com/downloads/o-week/Part_6_2009.pdf
2010-oweek-book.pdf	https://web.archive.org/web/20100826015930id_/http://teamwiess.com/downloads/Wiess%20O-Week%20Book%202010.pdf
2011-oweek-book.pdf	https://web.archive.org/web/20110729230824id_/http://teamwiess.com/downloads/WiessOWeekBook11.pdf
2014-oweek-book.pdf	https://web.archive.org/web/20140711230531id_/http://teamwiess.com/assets/o-week-book-2014.pdf
2015-oweek-book.pdf	https://web.archive.org/web/20160506224841id_/http://teamwiess.com/assets/OWeekBook2015.pdf
2016-oweek-book.pdf	https://web.archive.org/web/20160708224740id_/http://teamwiess.com/assets/OWeekBook2016.pdf
2016-owlmanac.pdf	https://web.archive.org/web/20160708224806id_/http://teamwiess.com/assets/Owlmanac%202016.pdf
2017-oweek-book.pdf	https://web.archive.org/web/20170714225151id_/http://teamwiess.com/newstudents/OWeekBook.pdf
2017-60th-faq2.pdf	https://web.archive.org/web/20171110225611id_/http://teamwiess.com/60/faq/faq2.pdf
2012-wiess-college-rules.pdf	https://web.archive.org/web/20160506224946id_/http://teamwiess.com/assets/WiessCollegeRules2012.pdf
2013-wiess-constitution.pdf	https://web.archive.org/web/20140704225200id_/http://teamwiess.com/assets/wiess-constitution2-8-13.pdf
2010-wiess-constitution.pdf	https://web.archive.org/web/20100826020024id_/http://teamwiess.com/downloads/WiessConstitution2-2010.pdf
2010-wiess-bylaws.pdf	https://web.archive.org/web/20100826020026id_/http://teamwiess.com/downloads/WiessBylaws2-2010.pdf
2017-wiess-constitution.pdf	https://web.archive.org/web/20170303225219id_/http://teamwiess.com/assets/Constitution2017.pdf
2017-wiess-bylaws.pdf	https://web.archive.org/web/20170303225230id_/http://teamwiess.com/assets/Bylaws2017.pdf
2014-2015-public-budget.pdf	https://web.archive.org/web/20140919225319id_/http://teamwiess.com/assets/public-2014-2015-budget---sheet1.pdf
2011-wiess-constitution.pdf	https://web.archive.org/web/20110729230946id_/http://teamwiess.com/downloads/WiessConstitution.pdf
2011-wiess-bylaws.pdf	https://web.archive.org/web/20110729230948id_/http://teamwiess.com/downloads/WiessBylaws.pdf
2017-03-29-wiess-constitution.pdf	https://web.archive.org/web/20170331225025id_/http://teamwiess.com/assets/constitution3-29-2017.pdf
2011-wiess-housing-rules.pdf	https://web.archive.org/web/20110729230950id_/http://teamwiess.com/downloads/WiessHousingRules.pdf
2010-wiess-housing-rules.pdf	https://web.archive.org/web/20100826020028id_/http://teamwiess.com/downloads/Wiess%20Housing%20Rules.pdf
2013-wiess-housing-rules.pdf	https://web.archive.org/web/20140704225158id_/http://teamwiess.com/assets/wiess-college-housing-rules-2_6_2013.pdf
2026-02-23-wiess-complete-guiding-documents.pdf	https://web.archive.org/web/20260312113026id_/https://wiess.rice.edu/images/general/Wiess%20Constitution.pdf
