timestamp	original	status	mimetype	digest	local
20141009085809	http://wiess.rice.edu:80/	200	text/html	T2GCYWC6F6TKHP4OM4JS6BHFSNTLFCPD	mirror/wiess.rice.edu/20141009085809__index.html
20141230185259	http://wiess.rice.edu:80/	200	text/html	OTAHGOV4LBCKXODQGXBPYUMB4JIIGOP2	mirror/wiess.rice.edu/20141230185259__index.html
20241227224744	https://wiess.rice.edu/	200	text/html	MJOR2VNFGQY4UYRWBIGHGNSCM63S4TUJ	mirror/wiess.rice.edu/20241227224744__index.html
20251013212528	https://wiess.rice.edu/	200	text/html	DD33JT7A37KICYCYCGGHHALNXHOB6C3F	mirror/wiess.rice.edu/20251013212528__index.html
20260510020111	https://wiess.rice.edu/	200	text/html	Q4C57MZFXCST54OCHIQESBZCPYFXNW6H	mirror/wiess.rice.edu/20260510020111__index.html
20240728052519	https://wiess.rice.edu/.well-known/ai-plugin.json	200	text/html	CJ7PBDIU7WOMJSFP5HID7SV7GHJNVQ2L	mirror/wiess.rice.edu/.well-known/20240728052519__ai-plugin.json.html
20250124105728	https://wiess.rice.edu/.well-known/ai-plugin.json	200	text/html	TZUDKRLUUZM7TAB6RLVPRBWF4ZETHBND	mirror/wiess.rice.edu/.well-known/20250124105728__ai-plugin.json.html
20251205060735	https://wiess.rice.edu/.well-known/ai-plugin.json	200	text/html	I7L23Y2HUF76NLTEZH3WOEYRVKATTZW6	mirror/wiess.rice.edu/.well-known/20251205060735__ai-plugin.json.html
20240727205419	https://wiess.rice.edu/.well-known/dnt-policy.txt	200	text/html	CJ7PBDIU7WOMJSFP5HID7SV7GHJNVQ2L	mirror/wiess.rice.edu/.well-known/20240727205419__dnt-policy.txt.html
20260422011514	https://wiess.rice.edu/.well-known/dnt-policy.txt	200	text/html	FJ6BQNESCTOBQNMGS7TSVBWSGJPIKC32	mirror/wiess.rice.edu/.well-known/20260422011514__dnt-policy.txt.html
20250426170644	https://wiess.rice.edu/.well-known/gpc.json	200	text/html	QH7WEHGDKXY7HLKCXIKUOSI44PE7GIFG	mirror/wiess.rice.edu/.well-known/20250426170644__gpc.json.html
20250220060501	https://wiess.rice.edu/ads.txt	200	text/html	BQXQFJNUDYCKA4S56U6AFKHK26OON7ES	mirror/wiess.rice.edu/20250220060501__ads.txt.html
20251205051427	https://wiess.rice.edu/app-ads.txt	200	text/html	I7L23Y2HUF76NLTEZH3WOEYRVKATTZW6	mirror/wiess.rice.edu/20251205051427__app-ads.txt.html
20251205051418	https://wiess.rice.edu/atom.xml	200	text/html	I7L23Y2HUF76NLTEZH3WOEYRVKATTZW6	mirror/wiess.rice.edu/20251205051418__atom.xml.html
20250710214413	https://wiess.rice.edu/avalanche/skins/glass/bigborderleft.gif	200	text/html	6J274YP6P6ZIQK36WSNUWMGKGVQE7WYQ	mirror/wiess.rice.edu/avalanche/skins/glass/20250710214413__bigborderleft.gif.html
20230707225221	https://wiess.rice.edu/css/wiess.webflow.css	200	text/css	BQRA5QBGJIGFUXIQLGLY7UJYXBQAZY72	mirror/wiess.rice.edu/css/20230707225221__wiess.webflow.css
20240103155935	https://wiess.rice.edu/css/wiess.webflow.css	200	text/css	MDZTHEYV5DQ6OWHJK753DFUJQNXTPG24	mirror/wiess.rice.edu/css/20240103155935__wiess.webflow.css
20250220060457	https://wiess.rice.edu/favicon.ico	200	text/html	BQXQFJNUDYCKA4S56U6AFKHK26OON7ES	mirror/wiess.rice.edu/20250220060457__favicon.ico.html
20250426170626	https://wiess.rice.edu/favicon.ico	200	text/html	QH7WEHGDKXY7HLKCXIKUOSI44PE7GIFG	mirror/wiess.rice.edu/20250426170626__favicon.ico.html
20250220060712	https://wiess.rice.edu/feed.xml	200	text/html	BQXQFJNUDYCKA4S56U6AFKHK26OON7ES	mirror/wiess.rice.edu/20250220060712__feed.xml.html
20230915232631	https://wiess.rice.edu/government/cabinet	200	text/html	VJOKDYPKKHOA2Q5GQFODDT5HEKSDRZOM	mirror/wiess.rice.edu/government/20230915232631__cabinet.html
20241006035649	https://wiess.rice.edu/government/coreteam	200	text/html	VBKLVAPZKBEMZ7CYICWHUNI44B5EMH5E	mirror/wiess.rice.edu/government/20241006035649__coreteam.html
20230901235203	https://wiess.rice.edu/government/court	200	text/html	7BEOBJLQKQRYJOOSVLBAMLKSGU2JZHVM	mirror/wiess.rice.edu/government/20230901235203__court.html
20230707232126	https://wiess.rice.edu/government/representatives	200	text/html	RCH7IYYPQO5SM4KG3KOMDDOPW2ZTLA5K	mirror/wiess.rice.edu/government/20230707232126__representatives.html
20230929231918	https://wiess.rice.edu/government/representatives	200	text/html	56VMEUGG4N7WC46KMRPSB2N2ZGLQAZPF	mirror/wiess.rice.edu/government/20230929231918__representatives.html
20251126021231	https://wiess.rice.edu/image/content-background.gif	200	text/html	F4CQRMRLSVCVH7UWPG6HTV6ZGACL6DVC	mirror/wiess.rice.edu/image/20251126021231__content-background.gif.html
20250710205244	https://wiess.rice.edu/image/content/wiess-new/wiess-commons-001.jpg	200	text/html	6J274YP6P6ZIQK36WSNUWMGKGVQE7WYQ	mirror/wiess.rice.edu/image/content/wiess-new/20250710205244__wiess-commons-001.jpg.html
20231208232723	https://wiess.rice.edu/images/ateam/flavio-fabiana.jpeg	200	image/jpeg	VSH3XJRY7FV5KAKU7U5LBAMDR53HJJHY	mirror/wiess.rice.edu/images/ateam/20231208232723__flavio-fabiana.jpeg.jpg
20231208233544	https://wiess.rice.edu/images/cabinet/alex.jpeg	200	image/jpeg	GKI25WNTFTYIYKWAZRIPVRNHNOSWHHR3	mirror/wiess.rice.edu/images/cabinet/20231208233544__alex.jpeg.jpg
20231208234519	https://wiess.rice.edu/images/cabinet/brooke.jpeg	200	image/jpeg	5CXY7O67FLDBADG55DIDC3WERPV6IULI	mirror/wiess.rice.edu/images/cabinet/20231208234519__brooke.jpeg.jpg
20240720012028	https://wiess.rice.edu/images/cabinet/CABCaitlynLaddSecretary.jpg	200	image/jpeg	XNJCHY5W7NL3DE4NV3TZBJ5IWDEJBYU4	mirror/wiess.rice.edu/images/cabinet/20240720012028__CABCaitlynLaddSecretary.jpg
20240720012043	https://wiess.rice.edu/images/cabinet/CABChaseGeyerOCRep.jpg	200	image/jpeg	KFW6JS3R6FLP4I2NTWLCSATYX4W5WMGM	mirror/wiess.rice.edu/images/cabinet/20240720012043__CABChaseGeyerOCRep.jpg
20240720011949	https://wiess.rice.edu/images/cabinet/CABIsabelleShenSocialVicePresident.JPG	200	image/jpeg	U7GKULM7JRTGTWN7F2DIQNXKU6BN6XZ7	mirror/wiess.rice.edu/images/cabinet/20240720011949__CABIsabelleShenSocialVicePresident.JPG.jpg
20240720012026	https://wiess.rice.edu/images/cabinet/CABLayalHaiderDiversityChair.jpeg	200	image/jpeg	OTMN3FHMYFPZ5ICYVNKI2NNXYO7ZMQHU	mirror/wiess.rice.edu/images/cabinet/20240720012026__CABLayalHaiderDiversityChair.jpeg.jpg
20240720011951	https://wiess.rice.edu/images/cabinet/CABLuizFernandesSenator.jpeg	200	image/jpeg	OSJDHFVBGCVE6QH3GPESH5IHLPRU6P7H	mirror/wiess.rice.edu/images/cabinet/20240720011951__CABLuizFernandesSenator.jpeg.jpg
20240720012053	https://wiess.rice.edu/images/court/COURTChloeSongAJ.jpeg	200	image/jpeg	FEVNM7STT3K3KYLNKPJB2UV7NVVZPFVZ	mirror/wiess.rice.edu/images/court/20240720012053__COURTChloeSongAJ.jpeg.jpg
20231208235450	https://wiess.rice.edu/images/court/naomi.jpg	200	image/jpeg	GH2TKIC667T7UWSSCBCKY4UNGUEI7W2Y	mirror/wiess.rice.edu/images/court/20231208235450__naomi.jpg
20231007021331	https://wiess.rice.edu/images/court/sara.jpg	200	image/jpeg	IL5K3B5G46XYEOG6VSJGE2PITXHU4LCP	mirror/wiess.rice.edu/images/court/20231007021331__sara.jpg
20240113001648	https://wiess.rice.edu/images/court/sara.jpg	200	image/jpeg	2V453ESDLREKXYIGUBZA5FJRCLAZXOWD	mirror/wiess.rice.edu/images/court/20240113001648__sara.jpg
20240720020941	https://wiess.rice.edu/images/diversity-inclusion/DIVERSITYFACILITATORJackPinkert.jpg	200	image/jpeg	O7FZBWRORMQFPPSZMQDPIPPGV3SG4ARA	mirror/wiess.rice.edu/images/diversity-inclusion/20240720020941__DIVERSITYFACILITATORJackPinkert.jpg
20231001025933	https://wiess.rice.edu/images/general/closed.svg	200	image/svg+xml	WG7HNJBMEQANVBSV5KVMFFOF4SUOPRWU	mirror/wiess.rice.edu/images/general/20231001025933__closed.svg
20231209002340	https://wiess.rice.edu/images/general/crest-color-p-800.png	200	image/png	75SXTGDYEMYUMP4UMCIKQTDNRTZU2LYU	mirror/wiess.rice.edu/images/general/20231209002340__crest-color-p-800.png
20260312113026	https://wiess.rice.edu/images/general/Wiess%20Constitution.pdf	200	application/pdf	AD4XHTK2ZPHAMTVEOJSUFOBJ3YCVMCQF	mirror/wiess.rice.edu/images/general/20260312113026__Wiess%20Constitution.pdf
20240413072641	https://wiess.rice.edu/images/general/wiessshield.svg	200	image/svg+xml	GMGJUSS3VU353Q3NREURCRPRH5V27MOP	mirror/wiess.rice.edu/images/general/20240413072641__wiessshield.svg
20241006005037	https://wiess.rice.edu/images/general/wiessshield.svg	200	image/svg+xml	2GAHSJT2BOP2CXVJ5WDZVJLLFSRQXKOC	mirror/wiess.rice.edu/images/general/20241006005037__wiessshield.svg
20240720020929	https://wiess.rice.edu/images/health-wellbeing/HEADCAREHawaDialloHeadCaregiver.jpeg	200	image/jpeg	TBVDORHQO35DI73BDW5EBJTQLDHIUXHM	mirror/wiess.rice.edu/images/health-wellbeing/20240720020929__HEADCAREHawaDialloHeadCaregiver.jpeg.jpg
20230707234758	https://wiess.rice.edu/images/oweek2022/birds%20of%20parawiess-5.jpg	200	image/jpeg	N22WSGAZYZV5SCBLSEFIL32L74MT42WR	mirror/wiess.rice.edu/images/oweek2022/20230707234758__birds%20of%20parawiess-5.jpg
20230707234751	https://wiess.rice.edu/images/oweek2022/prescj.jpg	200	image/jpeg	KBKXH4PDJGVZUL564XKBWZGIMHZ2IO75	mirror/wiess.rice.edu/images/oweek2022/20230707234751__prescj.jpg
20230707234806	https://wiess.rice.edu/images/oweek2022/ShrimpFriedWiess.jpg	200	image/jpeg	BTWZAG5OXPUOPZVBYOMOAGBLIUP3EHRV	mirror/wiess.rice.edu/images/oweek2022/20230707234806__ShrimpFriedWiess.jpg
20230707234847	https://wiess.rice.edu/images/oweek2022/WiessCubeEdited-4.jpg	200	image/jpeg	AWPW6HCKA3MP3JOF5MXGMJWKP44JCKEY	mirror/wiess.rice.edu/images/oweek2022/20230707234847__WiessCubeEdited-4.jpg
20230707235436	https://wiess.rice.edu/images/oweek2022/wiessspice.JPG	200	image/jpeg	7YWRDFFEA4QK42XP4VQ3RZ27C62L7PUI	mirror/wiess.rice.edu/images/oweek2022/20230707235436__wiessspice.JPG.jpg
20251126022226	https://wiess.rice.edu/images/picnic.jpg	200	text/html	F4CQRMRLSVCVH7UWPG6HTV6ZGACL6DVC	mirror/wiess.rice.edu/images/20251126022226__picnic.jpg.html
20250124231347	https://wiess.rice.edu/images/s2025-banner/Beach.jpg	200	image/jpeg	OJ2YYCLDYQ3MO5IDUB26XWWMKXJ6XFYZ	mirror/wiess.rice.edu/images/s2025-banner/20250124231347__Beach.jpg
20250124231322	https://wiess.rice.edu/images/s2025-banner/TFW.jpg	200	image/jpeg	SGMC5L7PV6E6CG6NC2NLWCVJANHD6XF5	mirror/wiess.rice.edu/images/s2025-banner/20250124231322__TFW.jpg
20250124231341	https://wiess.rice.edu/images/s2025-banner/WiessFinest2024.jpg	200	image/jpeg	2CXPZOCEODW7V2HJZASQ2I7Y2AXQL6QR	mirror/wiess.rice.edu/images/s2025-banner/20250124231341__WiessFinest2024.jpg
20250806020200	https://wiess.rice.edu/resources/associates	200	text/html	OB74VF7GRDAVNNH3XYHG3272QMG56LSI	mirror/wiess.rice.edu/resources/20250806020200__associates.html
20251130183049	https://wiess.rice.edu/resources/associates	200	text/html	F4CQRMRLSVCVH7UWPG6HTV6ZGACL6DVC	mirror/wiess.rice.edu/resources/20251130183049__associates.html
20251209234132	https://wiess.rice.edu/resources/diversity	200	text/html	I7L23Y2HUF76NLTEZH3WOEYRVKATTZW6	mirror/wiess.rice.edu/resources/20251209234132__diversity.html
20251123165625	https://wiess.rice.edu/resources/favicon.png?v=2	200	text/html	F4CQRMRLSVCVH7UWPG6HTV6ZGACL6DVC	mirror/wiess.rice.edu/resources/20251123165625__favicon.png__v=2.html
20250806020308	https://wiess.rice.edu/resources/forms	200	text/html	YDTJKGLP3B4HTUD2NMJH7I6CNZKG4ED7	mirror/wiess.rice.edu/resources/20250806020308__forms.html
20251124203331	https://wiess.rice.edu/resources/health	200	text/html	F4CQRMRLSVCVH7UWPG6HTV6ZGACL6DVC	mirror/wiess.rice.edu/resources/20251124203331__health.html
20251207190357	https://wiess.rice.edu/resources/health	200	text/html	7CXMOOTI4O3T23AWMBHFSDITMV6JPUMZ	mirror/wiess.rice.edu/resources/20251207190357__health.html
20260422011159	https://wiess.rice.edu/resources/health	200	text/html	FJ6BQNESCTOBQNMGS7TSVBWSGJPIKC32	mirror/wiess.rice.edu/resources/20260422011159__health.html
20230707234448	https://wiess.rice.edu/resources/health-wellbeing	200	text/html	E65DMVZR2PQMJIJ4KVPXV54CMOYUYDDL	mirror/wiess.rice.edu/resources/20230707234448__health-wellbeing.html
20240413072632	https://wiess.rice.edu/static/css/main.7b529888.css	200	text/css	Y5TXYQNZLGJHJASC7Z6BGBZCCTEDJ3QC	mirror/wiess.rice.edu/static/css/20240413072632__main.7b529888.css
20251123165625	https://wiess.rice.edu/static/css/main.b66414ea.css	200	text/css	KELJXH6S3QHLSYEIMN46K4SCC4CA2SRC	mirror/wiess.rice.edu/static/css/20251123165625__main.b66414ea.css
20240315230554	https://wiess.rice.edu/static/js/main.2084c7b8.js	200	application/javascript	UGVK6HM3JZNBJHMDOHPLL5PKEYGZBQFM	mirror/wiess.rice.edu/static/js/20240315230554__main.2084c7b8.js
20240503075242	https://wiess.rice.edu/static/js/main.2084c7b8.js	200	application/javascript	UGVK6HM3JZNBJHMDOHPLL5PKEYGZBQFM	mirror/wiess.rice.edu/static/js/20240503075242__main.2084c7b8.js
20250710211624	https://wiess.rice.edu/static/js/main.3ae2fd5a.js	200	application/javascript	TYUXZEZ6YJG3BJQEY3PPRCB6WCUW3LHT	mirror/wiess.rice.edu/static/js/20250710211624__main.3ae2fd5a.js
20251209234142	https://wiess.rice.edu/static/js/main.63aa4e47.js	200	application/javascript	WEI7WBACS3WKDW5WNMPYRCC2SYQPWEB5	mirror/wiess.rice.edu/static/js/20251209234142__main.63aa4e47.js
20241006005037	https://wiess.rice.edu/static/js/main.72f71b98.js	200	application/javascript	HT37V5MBQBQEMSTRYS6T4MIW2B6M3LDS	mirror/wiess.rice.edu/static/js/20241006005037__main.72f71b98.js
20240719230528	https://wiess.rice.edu/static/js/main.81b15bc7.js	200	application/javascript	RKOEJLMWJNMSJXUHDOU363CRISYPVH2X	mirror/wiess.rice.edu/static/js/20240719230528__main.81b15bc7.js
20240712224544	https://wiess.rice.edu/static/js/main.841d4219.js	200	application/javascript	VLUD5Z6BYM6S3TQ4G5E2K22KTRD6DHWJ	mirror/wiess.rice.edu/static/js/20240712224544__main.841d4219.js
20250214224937	https://wiess.rice.edu/static/js/main.89db1261.js	200	application/javascript	I2WED2CHZPT6R3AOYXFGPCPDGQWZGYDS	mirror/wiess.rice.edu/static/js/20250214224937__main.89db1261.js
20240928104330	https://wiess.rice.edu/static/js/main.8af8190c.js	200	application/javascript	Z5ER75JRFK3OQESKNQMLIVBW326PULYC	mirror/wiess.rice.edu/static/js/20240928104330__main.8af8190c.js
19970412100818	http://bobafett.wiess.rice.edu:80/	200	text/html	OVYMOX54F3DSSXUOVZKILREFJ652JXFI	mirror/bobafett.wiess.rice.edu/19970412100818__index.html
19970416082941	http://bobafett.wiess.rice.edu:80/beavis/images/business.gif	200	image/gif	SKQQDS3537SEBPV3CZ3H5QB4CAKZUKJD	mirror/bobafett.wiess.rice.edu/beavis/images/19970416082941__business.gif
19970413171838	http://bobafett.wiess.rice.edu:80/beavis/images/butthead.gif	200	image/gif	N4B7VEWKO6ARQXJANA652CCSO3PFIGFO	mirror/bobafett.wiess.rice.edu/beavis/images/19970413171838__butthead.gif
19970413171906	http://bobafett.wiess.rice.edu:80/beavis/images/cornholio.gif	200	image/gif	D6PQNL2237KCJJDDSTWTNPTHJMMEXMUB	mirror/bobafett.wiess.rice.edu/beavis/images/19970413171906__cornholio.gif
19970413172000	http://bobafett.wiess.rice.edu:80/beavis/images/mhayenga.gif	200	image/gif	PRGGILMAX5DFMR4OYHKSUP672KJHWB56	mirror/bobafett.wiess.rice.edu/beavis/images/19970413172000__mhayenga.gif
19970416082920	http://bobafett.wiess.rice.edu:80/beavis/images/private.gif	200	image/gif	SQF2FYPND7FP6SRR3LK6UJDOG5ZZUL6I	mirror/bobafett.wiess.rice.edu/beavis/images/19970416082920__private.gif
19970413171656	http://bobafett.wiess.rice.edu:80/beavis/images/title.gif	200	image/gif	YC4CAS2RCL56SYVAVGFYUIHVGLSPTPI2	mirror/bobafett.wiess.rice.edu/beavis/images/19970413171656__title.gif
19970413182348	http://bobafett.wiess.rice.edu:80/beavis/images/togethertitle.gif	200	image/gif	OVWER6UIKNPBFPGGHB3SOYLSBKNKHY4S	mirror/bobafett.wiess.rice.edu/beavis/images/19970413182348__togethertitle.gif
19970416082909	http://bobafett.wiess.rice.edu:80/beavis/images/worker.gif	200	image/gif	26V5U6HZFIEIJ6JOALGGCPGFEZZ7F4VY	mirror/bobafett.wiess.rice.edu/beavis/images/19970416082909__worker.gif
19970412100858	http://bobafett.wiess.rice.edu:80/beavis/index.html	200	text/html	FO6YXBZIN2OKXLEVPL6DUS42IF5CGTBJ	mirror/bobafett.wiess.rice.edu/beavis/19970412100858__index.html
19970413173949	http://bobafett.wiess.rice.edu:80/beavis/sounds/aahhhh.wav	200	audio/wav	UJNEMSK5HI7MB5ELGSDPUBZTSETBKVZU	mirror/bobafett.wiess.rice.edu/beavis/sounds/19970413173949__aahhhh.wav
19970413180254	http://bobafett.wiess.rice.edu:80/beavis/sounds/alive1.wav	200	audio/wav	3JW3V2ACBNOGOEJ5IHFDTS6HVFKJOIIF	mirror/bobafett.wiess.rice.edu/beavis/sounds/19970413180254__alive1.wav
19970413174125	http://bobafett.wiess.rice.edu:80/beavis/sounds/behard.wav	200	audio/wav	MYFBVW5FRC4YNAICQLYBO22NL6W5INC6	mirror/bobafett.wiess.rice.edu/beavis/sounds/19970413174125__behard.wav
19970416075610	http://bobafett.wiess.rice.edu:80/beavis/sounds/bushwckr.wav	200	audio/wav	VDS2IBWHEYPLODXOPNMMWMGNQABPA24M	mirror/bobafett.wiess.rice.edu/beavis/sounds/19970416075610__bushwckr.wav
19970413174207	http://bobafett.wiess.rice.edu:80/beavis/sounds/change.wav	200	audio/wav	2VMPGLGGG3TXSDX4NTM4JHHAAZURAZFR	mirror/bobafett.wiess.rice.edu/beavis/sounds/19970413174207__change.wav
19970413181003	http://bobafett.wiess.rice.edu:80/beavis/sounds/cheese.wav	200	audio/wav	FUVYZACJQANJ4MKI23C6ZIDXAUPXOREC	mirror/bobafett.wiess.rice.edu/beavis/sounds/19970413181003__cheese.wav
19970416080726	http://bobafett.wiess.rice.edu:80/beavis/sounds/closg1.wav	200	audio/wav	A5AHWZZKGOT3JVBATNIW2GIZT5X7V3CU	mirror/bobafett.wiess.rice.edu/beavis/sounds/19970416080726__closg1.wav
19970413174228	http://bobafett.wiess.rice.edu:80/beavis/sounds/crdit1.wav	200	audio/wav	FNUFBAZIVKHHTAKBOAGJR7QJQ6FB7OD2	mirror/bobafett.wiess.rice.edu/beavis/sounds/19970413174228__crdit1.wav
19970416080902	http://bobafett.wiess.rice.edu:80/beavis/sounds/damnit2.wav	200	audio/wav	XQGRJLSURJBBDLPHBYJFBUR62OOYY55O	mirror/bobafett.wiess.rice.edu/beavis/sounds/19970416080902__damnit2.wav
19970413172831	http://bobafett.wiess.rice.edu:80/beavis/sounds/doessuck.wav	200	audio/wav	OOIFXXD3PH7UNJJLLMEQRAZ6VZVXQ5LC	mirror/bobafett.wiess.rice.edu/beavis/sounds/19970413172831__doessuck.wav
19970416082513	http://bobafett.wiess.rice.edu:80/beavis/sounds/doyoukno.wav	200	audio/wav	EKYQNY24KJNML4GY4BEBTO4POEXHVJKS	mirror/bobafett.wiess.rice.edu/beavis/sounds/19970416082513__doyoukno.wav
19970413173539	http://bobafett.wiess.rice.edu:80/beavis/sounds/drivthru.wav	200	audio/wav	T55HNMXQQ4O3TDVDFW6TO5NQVHT7ER7B	mirror/bobafett.wiess.rice.edu/beavis/sounds/19970413173539__drivthru.wav
19970413182324	http://bobafett.wiess.rice.edu:80/beavis/sounds/feelcool.wav	200	audio/wav	5HRYNGN5WK5JBFVHRULT7FTOABM3H3TK	mirror/bobafett.wiess.rice.edu/beavis/sounds/19970413182324__feelcool.wav
19970413173200	http://bobafett.wiess.rice.edu:80/beavis/sounds/learning.wav	200	audio/wav	RA6GKE4XP7YONQVMYLFJSLNOCCVR5HPJ	mirror/bobafett.wiess.rice.edu/beavis/sounds/19970413173200__learning.wav
19970413174631	http://bobafett.wiess.rice.edu:80/beavis/sounds/liver.wav	200	audio/wav	PQE2N3E7I7UX6B2BJXWXB2LV6ZG5ODPX	mirror/bobafett.wiess.rice.edu/beavis/sounds/19970413174631__liver.wav
19970416075806	http://bobafett.wiess.rice.edu:80/beavis/sounds/naked.wav	200	audio/wav	UOSRR7LAM56PJRLIHMAZIWSAD3NDQBBX	mirror/bobafett.wiess.rice.edu/beavis/sounds/19970416075806__naked.wav
19970413173940	http://bobafett.wiess.rice.edu:80/beavis/sounds/needkick.wav	200	audio/wav	XW4ESIBAZNYCYQOQ32LSUZC5EHVWXW4U	mirror/bobafett.wiess.rice.edu/beavis/sounds/19970413173940__needkick.wav
19970413174747	http://bobafett.wiess.rice.edu:80/beavis/sounds/noway1.wav	200	audio/wav	ZBPVNXARWTXOCAP2WLTBUEXS5H732VJS	mirror/bobafett.wiess.rice.edu/beavis/sounds/19970413174747__noway1.wav
19970413175523	http://bobafett.wiess.rice.edu:80/beavis/sounds/outdoor.wav	200	audio/wav	ZQNHGX4EW2D4CRKM6CAN6NKS4X7C7JPW	mirror/bobafett.wiess.rice.edu/beavis/sounds/19970413175523__outdoor.wav
19970416081625	http://bobafett.wiess.rice.edu:80/beavis/sounds/pbs.wav	200	audio/wav	F3I4XCRSYLA52ON7RUDQDLVZFDAZEEAF	mirror/bobafett.wiess.rice.edu/beavis/sounds/19970416081625__pbs.wav
19970413174759	http://bobafett.wiess.rice.edu:80/beavis/sounds/pipecrap.wav	200	audio/wav	DEO4CXBSKPHYB2NSWNLYHXHCANX4V2QJ	mirror/bobafett.wiess.rice.edu/beavis/sounds/19970413174759__pipecrap.wav
19970413181636	http://bobafett.wiess.rice.edu:80/beavis/sounds/pnchit.wav	200	audio/wav	BYVG2HUP2UL6SETHOJ5MVCD2V3BP6I7B	mirror/bobafett.wiess.rice.edu/beavis/sounds/19970413181636__pnchit.wav
19970413181655	http://bobafett.wiess.rice.edu:80/beavis/sounds/promslnd.wav	200	audio/wav	BLBF45GC5UUEX7LJETDFWPWZU6GACL2D	mirror/bobafett.wiess.rice.edu/beavis/sounds/19970413181655__promslnd.wav
19970413172604	http://bobafett.wiess.rice.edu:80/beavis/sounds/twowenrs.wav	200	audio/wav	CG2TLR5JGOGMIB6VL5MVQMNRKGHY5LG7	mirror/bobafett.wiess.rice.edu/beavis/sounds/19970413172604__twowenrs.wav
