name	timestamp	original	digest	png	wayback_url
ruf_wiess	20040216191333	http://www.ruf.rice.edu:80/~wiessart/	2AJJJH3H5OCSRSXN366G6IIEA73RGN2G	shots/ruf_wiess/20040216191333.png	https://web.archive.org/web/20040216191333/http://www.ruf.rice.edu:80/~wiessart/
rice_edu_wiess	20000824024004	http://www.rice.edu:80/projects/colleges/wiess/	BTW2EEKBBZJRSRL7FZ2O7ILLANS4JB6P	shots/rice_edu_wiess/20000824024004.png	https://web.archive.org/web/20000824024004/http://www.rice.edu:80/projects/colleges/wiess/
rice_edu_wiess	20000929101404	http://www.rice.edu:80/projects/colleges/wiess/college/photos/index.html	WKX745DG5YKH4AXV3IJWYZVM3YLS4OLD	shots/rice_edu_wiess/20000929101404.png	https://web.archive.org/web/20000929101404/http://www.rice.edu:80/projects/colleges/wiess/college/photos/index.html
rice_edu_wiess	20000929101409	http://www.rice.edu:80/projects/colleges/wiess/college/rooms.html	Y7M2G6KJTGUT3XINC2ZPKN7BKWHXCHFA	shots/rice_edu_wiess/20000929101409.png	https://web.archive.org/web/20000929101409/http://www.rice.edu:80/projects/colleges/wiess/college/rooms.html
rice_edu_wiess	20000929101414	http://www.rice.edu:80/projects/colleges/wiess/traditions/pumpkin.html	UE6EZVTLSTEBMYE6Y7ZQKDDYZ3G5HRDG	shots/rice_edu_wiess/20000929101414.png	https://web.archive.org/web/20000929101414/http://www.rice.edu:80/projects/colleges/wiess/traditions/pumpkin.html
rice_edu_wiess	20000929101422	http://www.rice.edu:80/projects/colleges/wiess/restricted/getim.html	BMCZELWUDGD4HGNBINJRWJXOVFFDH4PL	shots/rice_edu_wiess/20000929101422.png	https://web.archive.org/web/20000929101422/http://www.rice.edu:80/projects/colleges/wiess/restricted/getim.html
rice_edu_wiess	20010602033224	http://www.rice.edu:80/projects/colleges/wiess/	MXII2EGX7JFKKBH6XLFJWYYYNMQ25DY5	shots/rice_edu_wiess/20010602033224.png	https://web.archive.org/web/20010602033224/http://www.rice.edu:80/projects/colleges/wiess/
rice_edu_wiess	20010605164651	http://www.rice.edu:80/projects/colleges/wiess/restricted/getim.html	72YTHJKOITNEXKOIJQMNY7ZTJEWSL3MP	shots/rice_edu_wiess/20010605164651.png	https://web.archive.org/web/20010605164651/http://www.rice.edu:80/projects/colleges/wiess/restricted/getim.html
rice_edu_wiess	20010605173732	http://www.rice.edu:80/projects/colleges/wiess/traditions/pumpkin.html	MPE3E2RKGRJJOHZVVAZWND5MQ23QY4DA	shots/rice_edu_wiess/20010605173732.png	https://web.archive.org/web/20010605173732/http://www.rice.edu:80/projects/colleges/wiess/traditions/pumpkin.html
rice_edu_wiess	20010605174838	http://www.rice.edu:80/projects/colleges/wiess/traditions/ubangee.html	FZAL3FHBNA4GLLLXSE2SRIVOLQGFAMWW	shots/rice_edu_wiess/20010605174838.png	https://web.archive.org/web/20010605174838/http://www.rice.edu:80/projects/colleges/wiess/traditions/ubangee.html
rice_edu_wiess	20010619172742	http://www.rice.edu:80/projects/colleges/wiess/college/photos/acabowl.html	IPFSGIVDE3BTFTEW6HPRJMH4JCKYHI2G	shots/rice_edu_wiess/20010619172742.png	https://web.archive.org/web/20010619172742/http://www.rice.edu:80/projects/colleges/wiess/college/photos/acabowl.html
rice_edu_wiess	20010619173846	http://www.rice.edu:80/projects/colleges/wiess/college/photos/backabowl.html	QECAQ2LZRM2C6IPO6O7IONXSAGYC2K5Y	shots/rice_edu_wiess/20010619173846.png	https://web.archive.org/web/20010619173846/http://www.rice.edu:80/projects/colleges/wiess/college/photos/backabowl.html
rice_edu_wiess	20010619174105	http://www.rice.edu:80/projects/colleges/wiess/college/photos/frosh.html	YQGEQ5W7RAO35BT4SRNRMBVSOLARWAC6	shots/rice_edu_wiess/20010619174105.png	https://web.archive.org/web/20010619174105/http://www.rice.edu:80/projects/colleges/wiess/college/photos/frosh.html
rice_edu_wiess	20010619175930	http://www.rice.edu:80/projects/colleges/wiess/college/photos/tennis.html	JOX4ZK4T2ZEK6GXROSK26T3WIQX2GVUY	shots/rice_edu_wiess/20010619175930.png	https://web.archive.org/web/20010619175930/http://www.rice.edu:80/projects/colleges/wiess/college/photos/tennis.html
rice_edu_wiess	20010619180519	http://www.rice.edu:80/projects/colleges/wiess/college/photos/tower.html	6JOP54DG5TDYAIGKRZZF7XIXPY4MAXVW	shots/rice_edu_wiess/20010619180519.png	https://web.archive.org/web/20010619180519/http://www.rice.edu:80/projects/colleges/wiess/college/photos/tower.html
rice_edu_wiess	20011123140121	http://www.rice.edu:80/projects/colleges/wiess/college/photos/index.html	ZRKIWXFVXCDSLFJLHYGA6BUEWJY6NYOD	shots/rice_edu_wiess/20011123140121.png	https://web.archive.org/web/20011123140121/http://www.rice.edu:80/projects/colleges/wiess/college/photos/index.html
rice_edu_wiess	20011123140644	http://www.rice.edu:80/projects/colleges/wiess/college/rooms.html	SMVRSHFE3NPXKLTQ3YWTRRMOHTD7PWWC	shots/rice_edu_wiess/20011123140644.png	https://web.archive.org/web/20011123140644/http://www.rice.edu:80/projects/colleges/wiess/college/rooms.html
rice_edu_wiess	20020616111718	http://www.rice.edu:80/projects/colleges/wiess/news/index.html	M4AYM5P2GZHCYBNJZSKDYPG5V5FXKSSF	shots/rice_edu_wiess/20020616111718.png	https://web.archive.org/web/20020616111718/http://www.rice.edu:80/projects/colleges/wiess/news/index.html
rice_edu_wiess	20020623165352	http://www.rice.edu:80/projects/colleges/wiess/college/photos/singles.html	B6GNEU3CNVRSUWK732TK5XL2QWCRNUJ4	shots/rice_edu_wiess/20020623165352.png	https://web.archive.org/web/20020623165352/http://www.rice.edu:80/projects/colleges/wiess/college/photos/singles.html
rice_edu_wiess	20020623165924	http://www.rice.edu:80/projects/colleges/wiess/traditions/teamwiess.html	PCFCWJV2Y6AHU44JU2X6UPDXK6QFVAZB	shots/rice_edu_wiess/20020623165924.png	https://web.archive.org/web/20020623165924/http://www.rice.edu:80/projects/colleges/wiess/traditions/teamwiess.html
rice_edu_wiess	20020809211846	http://www.rice.edu:80/projects/colleges/wiess/college/architecture.html	HYBOEU4XB5MUWOZJY34CZ7I62T6A3UI7	shots/rice_edu_wiess/20020809211846.png	https://web.archive.org/web/20020809211846/http://www.rice.edu:80/projects/colleges/wiess/college/architecture.html
rice_edu_wiess	20020820180416	http://www.rice.edu:80/projects/colleges/wiess/college/gloss.html	EJN7MUNL2NJZCLLZLVMN2TA457IJEVU6	shots/rice_edu_wiess/20020820180416.png	https://web.archive.org/web/20020820180416/http://www.rice.edu:80/projects/colleges/wiess/college/gloss.html
rice_edu_wiess	20030323144559	http://www.rice.edu:80/projects/colleges/wiess/people/alumni.html	V26NNLRSEJXEUVUWL7OEACMGQSVQR2S7	shots/rice_edu_wiess/20030323144559.png	https://web.archive.org/web/20030323144559/http://www.rice.edu:80/projects/colleges/wiess/people/alumni.html
rice_edu_wiess	20030908113116	http://www.rice.edu:80/projects/colleges/wiess/rules/index.html	VIIAU7QIOQBO6ULGTJXEVGUXRNXNFGCK	shots/rice_edu_wiess/20030908113116.png	https://web.archive.org/web/20030908113116/http://www.rice.edu:80/projects/colleges/wiess/rules/index.html
rice_edu_wiess	20030908113555	http://www.rice.edu:80/projects/colleges/wiess/people/index.html	ICNOL43J3MNBOP2W5N53DFQKS5RUSGHL	shots/rice_edu_wiess/20030908113555.png	https://web.archive.org/web/20030908113555/http://www.rice.edu:80/projects/colleges/wiess/people/index.html
rice_edu_wiess	20030908114926	http://www.rice.edu:80/projects/colleges/wiess/college/index.html	ASTZ2GNTRMIFM7E6TZPGK2LVZUCAZKTL	shots/rice_edu_wiess/20030908114926.png	https://web.archive.org/web/20030908114926/http://www.rice.edu:80/projects/colleges/wiess/college/index.html
rice_edu_wiess	20030908115104	http://www.rice.edu:80/projects/colleges/wiess/college/crest.html	KKTHDWZXGICEQFEDRM5B2EW437GEM5KJ	shots/rice_edu_wiess/20030908115104.png	https://web.archive.org/web/20030908115104/http://www.rice.edu:80/projects/colleges/wiess/college/crest.html
rice_edu_wiess	20030908125814	http://www.rice.edu:80/projects/colleges/wiess/other/trampphilanthropy.html	HW4DTIHXEDQYFTENSZFCI2OOPMQ7PMCP	shots/rice_edu_wiess/20030908125814.png	https://web.archive.org/web/20030908125814/http://www.rice.edu:80/projects/colleges/wiess/other/trampphilanthropy.html
rice_edu_wiess	20030912173740	http://www.rice.edu:80/projects/colleges/wiess/college/history.html	CYWRKT52TI3GMSFGSB3MPPUPF4235E2N	shots/rice_edu_wiess/20030912173740.png	https://web.archive.org/web/20030912173740/http://www.rice.edu:80/projects/colleges/wiess/college/history.html
rice_edu_wiess	20030912173857	http://www.rice.edu:80/projects/colleges/wiess/people/associates.html	S5LQRXBN4YMATHA5RGNQYSLBYA7BR4GI	shots/rice_edu_wiess/20030912173857.png	https://web.archive.org/web/20030912173857/http://www.rice.edu:80/projects/colleges/wiess/people/associates.html
rice_edu_wiess	20030912175303	http://www.rice.edu:80/projects/colleges/wiess/traditions/collegenight.html	WXD43V7BZ7OZFJVSCLKYCKCGJVGFZFVW	shots/rice_edu_wiess/20030912175303.png	https://web.archive.org/web/20030912175303/http://www.rice.edu:80/projects/colleges/wiess/traditions/collegenight.html
rice_edu_wiess	20030912175606	http://www.rice.edu:80/projects/colleges/wiess/traditions/beerbike.html	2GIQZMBRBDUON5AYUB5YOVGYPZAKGD2X	shots/rice_edu_wiess/20030912175606.png	https://web.archive.org/web/20030912175606/http://www.rice.edu:80/projects/colleges/wiess/traditions/beerbike.html
rice_edu_wiess	20030912175720	http://www.rice.edu:80/projects/colleges/wiess/traditions/hanszensucks.html	X3RWDPIC3SLQTOWPRH6LWMEYNO66647F	shots/rice_edu_wiess/20030912175720.png	https://web.archive.org/web/20030912175720/http://www.rice.edu:80/projects/colleges/wiess/traditions/hanszensucks.html
rice_edu_wiess	20030912175912	http://www.rice.edu:80/projects/colleges/wiess/traditions/tieday.html	NME3PJAJMX2XVOAGHDPYTROE6J6T47AZ	shots/rice_edu_wiess/20030912175912.png	https://web.archive.org/web/20030912175912/http://www.rice.edu:80/projects/colleges/wiess/traditions/tieday.html
rice_edu_wiess	20030919220521	http://www.rice.edu:80/projects/colleges/wiess/traditions/	7JHZJZBPYNE5NDCNO6GXENNNE2TTPOPB	shots/rice_edu_wiess/20030919220521.png	https://web.archive.org/web/20030919220521/http://www.rice.edu:80/projects/colleges/wiess/traditions/
rice_edu_wiess	20050420120343	http://www.rice.edu:80/projects/colleges/wiess/college/theman.html	TSZ53UJO5P3FUWLZJNLIMJERWH4CRJNA	shots/rice_edu_wiess/20050420120343.png	https://web.archive.org/web/20050420120343/http://www.rice.edu:80/projects/colleges/wiess/college/theman.html
rice_edu_wiess	20050529080419	http://www.rice.edu:80/projects/colleges/wiess/people/court.html	IXTZUPCMGXTSBCZQ7BZUKTJ2XKSPPINS	shots/rice_edu_wiess/20050529080419.png	https://web.archive.org/web/20050529080419/http://www.rice.edu:80/projects/colleges/wiess/people/court.html
rice_edu_wiess	20061027200935	http://www.rice.edu/projects/colleges/wiess/index.html	6VWVJK3DKCS3I3AGKRTCI3PIWLFGIIZE	shots/rice_edu_wiess/20061027200935.png	https://web.archive.org/web/20061027200935/http://www.rice.edu/projects/colleges/wiess/index.html
rice_edu_wiess	20061027200938	http://www.rice.edu/projects/colleges/wiess/index.html	2ZMXIW53HIEAFFITUZCIWWDUPFPKD4FC	shots/rice_edu_wiess/20061027200938.png	https://web.archive.org/web/20061027200938/http://www.rice.edu/projects/colleges/wiess/index.html
rice_edu_wiess	20061027201124	http://www.rice.edu/projects/colleges/wiess/rules/bylaws.html	QIMT25I25LCCKKQDFM4TGNNJYK2YXGWX	shots/rice_edu_wiess/20061027201124.png	https://web.archive.org/web/20061027201124/http://www.rice.edu/projects/colleges/wiess/rules/bylaws.html
rice_edu_wiess	20061027201248	http://www.rice.edu/projects/colleges/wiess/rules/rules.html	GINYRQIQD2JC4VD4GC26KG4QECZPBMQG	shots/rice_edu_wiess/20061027201248.png	https://web.archive.org/web/20061027201248/http://www.rice.edu/projects/colleges/wiess/rules/rules.html
rice_edu_wiess	20061027201356	http://www.rice.edu/projects/colleges/wiess/traditions/jamfest.html	2IOVBEQPO75QKW7VVW4LICTKSROARLHF	shots/rice_edu_wiess/20061027201356.png	https://web.archive.org/web/20061027201356/http://www.rice.edu/projects/colleges/wiess/traditions/jamfest.html
rice_edu_wiess	20061028193701	http://www.rice.edu/projects/colleges/wiess/index.html	C5RTBNBJWI365K47QXUBRGMO763BTFQF	shots/rice_edu_wiess/20061028193701.png	https://web.archive.org/web/20061028193701/http://www.rice.edu/projects/colleges/wiess/index.html
rice_edu_wiess	20061028193717	http://www.rice.edu/projects/colleges/wiess/index.html	ETBVLQUJ5UFWLH7MYVMPEWB7DP67HANN	shots/rice_edu_wiess/20061028193717.png	https://web.archive.org/web/20061028193717/http://www.rice.edu/projects/colleges/wiess/index.html
rice_edu_wiess	20061028193807	http://www.rice.edu/projects/colleges/wiess/index.html	UEFS3ZHCBHF3JQHHZTFLRYITP3E2272V	shots/rice_edu_wiess/20061028193807.png	https://web.archive.org/web/20061028193807/http://www.rice.edu/projects/colleges/wiess/index.html
rice_edu_wiess	20061028194052	http://www.rice.edu/projects/colleges/wiess/rules/bylaws.html	QA5O3UCEPFXTASUGCI4WH7ECTX5UDH7Y	shots/rice_edu_wiess/20061028194052.png	https://web.archive.org/web/20061028194052/http://www.rice.edu/projects/colleges/wiess/rules/bylaws.html
rice_edu_wiess	20061105082343	http://www.rice.edu/projects/colleges/wiess/index.html	GY2BBHSMOMVRIRMJMIFNWG5BQSKUZHUB	shots/rice_edu_wiess/20061105082343.png	https://web.archive.org/web/20061105082343/http://www.rice.edu/projects/colleges/wiess/index.html
rice_edu_wiess	20061105082513	http://www.rice.edu/projects/colleges/wiess/rules/bylaws.html	IUZY65ZXUOQC6EX6V4SOVUH4YSAMD7E2	shots/rice_edu_wiess/20061105082513.png	https://web.archive.org/web/20061105082513/http://www.rice.edu/projects/colleges/wiess/rules/bylaws.html
rice_edu_wiess	20061105082526	http://www.rice.edu/projects/colleges/wiess/rules/constitution.html	TTN4H5IO5UBVESYGAZASCGQIRJNUXFXP	shots/rice_edu_wiess/20061105082526.png	https://web.archive.org/web/20061105082526/http://www.rice.edu/projects/colleges/wiess/rules/constitution.html
rice_edu_wiess	20080706020653	http://www.rice.edu/projects/colleges/wiess/	ZNFXJ366KYQ3M4B7QY6VRKEMIGBUZ3WG	shots/rice_edu_wiess/20080706020653.png	https://web.archive.org/web/20080706020653/http://www.rice.edu/projects/colleges/wiess/
rice_edu_wiess	20080829173421	http://www.rice.edu/projects/colleges/wiess/index.php	DCUTBPFJS7Y5QBSR2NILXBX23GQZCQD6	shots/rice_edu_wiess/20080829173421.png	https://web.archive.org/web/20080829173421/http://www.rice.edu/projects/colleges/wiess/index.php
riceinfo_wiess	19980131001934	http://riceinfo.rice.edu:80/projects/colleges/wiess/	VOV7BTTFXYF52AW2BR42Z6536IVKILYI	shots/riceinfo_wiess/19980131001934.png	https://web.archive.org/web/19980131001934/http://riceinfo.rice.edu:80/projects/colleges/wiess/
riceinfo_wiess	19980131012032	http://riceinfo.rice.edu:80/projects/colleges/wiess/college/crest.html	DUJ7D5GTTLLJMPPAJEUK4UMYBWUAINWN	shots/riceinfo_wiess/19980131012032.png	https://web.archive.org/web/19980131012032/http://riceinfo.rice.edu:80/projects/colleges/wiess/college/crest.html
riceinfo_wiess	19980131012106	http://riceinfo.rice.edu:80/projects/colleges/wiess/news/index.html	22GBISBYUZ6V3F6J74MGYLEWRRYU5IQ7	shots/riceinfo_wiess/19980131012106.png	https://web.archive.org/web/19980131012106/http://riceinfo.rice.edu:80/projects/colleges/wiess/news/index.html
riceinfo_wiess	19980131012120	http://riceinfo.rice.edu:80/projects/colleges/wiess/people/index.html	QCARTQ2LH7CRD57XKHHN47ZKC47OPNJY	shots/riceinfo_wiess/19980131012120.png	https://web.archive.org/web/19980131012120/http://riceinfo.rice.edu:80/projects/colleges/wiess/people/index.html
riceinfo_wiess	19980131012133	http://riceinfo.rice.edu:80/projects/colleges/wiess/college/index.html	QKDLSHXTPJ7BLQJLQCO5AMO3XZH25EU5	shots/riceinfo_wiess/19980131012133.png	https://web.archive.org/web/19980131012133/http://riceinfo.rice.edu:80/projects/colleges/wiess/college/index.html
riceinfo_wiess	19980131012150	http://riceinfo.rice.edu:80/projects/colleges/wiess/rules/index.html	QMZ5S3NA2P655EYHLN6YCZWRUCPPIS34	shots/riceinfo_wiess/19980131012150.png	https://web.archive.org/web/19980131012150/http://riceinfo.rice.edu:80/projects/colleges/wiess/rules/index.html
riceinfo_wiess	19980131012203	http://riceinfo.rice.edu:80/projects/colleges/wiess/traditions/index.html	UQQQ5ZNXXGYKTUWC7NTT46SN3OB5H3EX	shots/riceinfo_wiess/19980131012203.png	https://web.archive.org/web/19980131012203/http://riceinfo.rice.edu:80/projects/colleges/wiess/traditions/index.html
riceinfo_wiess	19980131012236	http://riceinfo.rice.edu:80/projects/colleges/wiess/college/photos/index.html	PT3DFRNEAWWTOHG6ZFIWH7ZSJ6D3QWA3	shots/riceinfo_wiess/19980131012236.png	https://web.archive.org/web/19980131012236/http://riceinfo.rice.edu:80/projects/colleges/wiess/college/photos/index.html
riceinfo_wiess	19990117000719	http://riceinfo.rice.edu:80/projects/colleges/wiess/traditions/beerbike.html	ECGXVXSMAXCZ6O325KG47GKKYUBXMGRI	shots/riceinfo_wiess/19990117000719.png	https://web.archive.org/web/19990117000719/http://riceinfo.rice.edu:80/projects/colleges/wiess/traditions/beerbike.html
riceinfo_wiess	19990117034518	http://riceinfo.rice.edu:80/projects/colleges/wiess/traditions/pumpkin.html	VSAG6UQSIG3ZAOU2AR77ARN4NVG5K245	shots/riceinfo_wiess/19990117034518.png	https://web.archive.org/web/19990117034518/http://riceinfo.rice.edu:80/projects/colleges/wiess/traditions/pumpkin.html
riceinfo_wiess	19990210070503	http://riceinfo.rice.edu:80/projects/colleges/wiess/college/crest.html	ZD7NH7H6NEIRFZ4VZEUTEIOR57NO6UQX	shots/riceinfo_wiess/19990210070503.png	https://web.archive.org/web/19990210070503/http://riceinfo.rice.edu:80/projects/colleges/wiess/college/crest.html
riceinfo_wiess	19990210083510	http://riceinfo.rice.edu:80/projects/colleges/wiess/college/gloss.html	CWMAUM5NDEZ2JVDNJDNM4H55SQWWIRZ5	shots/riceinfo_wiess/19990210083510.png	https://web.archive.org/web/19990210083510/http://riceinfo.rice.edu:80/projects/colleges/wiess/college/gloss.html
riceinfo_wiess	19990210180202	http://riceinfo.rice.edu:80/projects/colleges/wiess/college/photos/frosh.html	W6APSNNSRC6AZKE3I5I36RAASREGMF2U	shots/riceinfo_wiess/19990210180202.png	https://web.archive.org/web/19990210180202/http://riceinfo.rice.edu:80/projects/colleges/wiess/college/photos/frosh.html
riceinfo_wiess	19990218043708	http://riceinfo.rice.edu:80/projects/colleges/wiess/college/theman.html	76U4IBCSLJ366KXY7TGPPCUHMWTPSGD6	shots/riceinfo_wiess/19990218043708.png	https://web.archive.org/web/19990218043708/http://riceinfo.rice.edu:80/projects/colleges/wiess/college/theman.html
riceinfo_wiess	19990218084831	http://riceinfo.rice.edu:80/projects/colleges/wiess/news/index.html	5FKIRXVOY4PEFOB2CZQ2EQ5PYDOKEZXS	shots/riceinfo_wiess/19990218084831.png	https://web.archive.org/web/19990218084831/http://riceinfo.rice.edu:80/projects/colleges/wiess/news/index.html
riceinfo_wiess	19990218125346	http://riceinfo.rice.edu:80/projects/colleges/wiess/news/renov/	JYXHHLZPNHVQAUC6APEK4WMGXHMZSK3U	shots/riceinfo_wiess/19990218125346.png	https://web.archive.org/web/19990218125346/http://riceinfo.rice.edu:80/projects/colleges/wiess/news/renov/
riceinfo_wiess	19990218152951	http://riceinfo.rice.edu:80/projects/colleges/wiess/other/trampphilanthropy.html	WRTRZBOVELP5QIXHAUF5RW6TV3G2EZMO	shots/riceinfo_wiess/19990218152951.png	https://web.archive.org/web/19990218152951/http://riceinfo.rice.edu:80/projects/colleges/wiess/other/trampphilanthropy.html
riceinfo_wiess	19990218183212	http://riceinfo.rice.edu:80/projects/colleges/wiess/people/	Z7R3TAL4FXTU5EAGZLHWDTRUUGBBAGNS	shots/riceinfo_wiess/19990218183212.png	https://web.archive.org/web/19990218183212/http://riceinfo.rice.edu:80/projects/colleges/wiess/people/
riceinfo_wiess	19990219085339	http://riceinfo.rice.edu:80/projects/colleges/wiess/people/cabinet.html	IUMHD6Y427CXTXPYIGMMER2ZYD4BY44D	shots/riceinfo_wiess/19990219085339.png	https://web.archive.org/web/19990219085339/http://riceinfo.rice.edu:80/projects/colleges/wiess/people/cabinet.html
riceinfo_wiess	19990219095220	http://riceinfo.rice.edu:80/projects/colleges/wiess/people/court.html	2Q6MYK52QHYRQMJICBDN23JULKFHODYP	shots/riceinfo_wiess/19990219095220.png	https://web.archive.org/web/19990219095220/http://riceinfo.rice.edu:80/projects/colleges/wiess/people/court.html
riceinfo_wiess	19990219124326	http://riceinfo.rice.edu:80/projects/colleges/wiess/people/masters.html	4N6ROSPOBFA7W6RNGKNLEGTPITE73NLH	shots/riceinfo_wiess/19990219124326.png	https://web.archive.org/web/19990219124326/http://riceinfo.rice.edu:80/projects/colleges/wiess/people/masters.html
riceinfo_wiess	19990219171658	http://riceinfo.rice.edu:80/projects/colleges/wiess/restricted/students.html	EGEGYN3SXZ3S2SCMVYWCVAIWZ66BH5WX	shots/riceinfo_wiess/19990219171658.png	https://web.archive.org/web/19990219171658/http://riceinfo.rice.edu:80/projects/colleges/wiess/restricted/students.html
riceinfo_wiess	19990220014631	http://riceinfo.rice.edu:80/projects/colleges/wiess/rules/bylaws.html	HCVHBAM4APLJJ2DZWI2RPT2HMOSQ7SHP	shots/riceinfo_wiess/19990220014631.png	https://web.archive.org/web/19990220014631/http://riceinfo.rice.edu:80/projects/colleges/wiess/rules/bylaws.html
riceinfo_wiess	19990220115332	http://riceinfo.rice.edu:80/projects/colleges/wiess/traditions/jamfest.html	Y7PDCV3TPSEILQJSAKKCSN2FMPLTW2QE	shots/riceinfo_wiess/19990220115332.png	https://web.archive.org/web/19990220115332/http://riceinfo.rice.edu:80/projects/colleges/wiess/traditions/jamfest.html
riceinfo_wiess	19990222090643	http://riceinfo.rice.edu:80/projects/colleges/wiess/people/associates.html	5SYEL2LSWKBWS6YVT67MNQ5BNTVGOULB	shots/riceinfo_wiess/19990222090643.png	https://web.archive.org/web/19990222090643/http://riceinfo.rice.edu:80/projects/colleges/wiess/people/associates.html
riceinfo_wiess	19990302082522	http://riceinfo.rice.edu:80/projects/colleges/wiess/	ZYX5T2KGYXDG2EQOBEH2OE2RRSHASKXE	shots/riceinfo_wiess/19990302082522.png	https://web.archive.org/web/19990302082522/http://riceinfo.rice.edu:80/projects/colleges/wiess/
riceinfo_wiess	19990302100707	http://riceinfo.rice.edu:80/projects/colleges/wiess/college/	WKSM4M4JCOI7FLZKKQWMY4ZT3KCLWI7J	shots/riceinfo_wiess/19990302100707.png	https://web.archive.org/web/19990302100707/http://riceinfo.rice.edu:80/projects/colleges/wiess/college/
riceinfo_wiess	19990421074141	http://riceinfo.rice.edu:80/projects/colleges/wiess/college/photos/frosh.html	ARLUPOJ7F724HUTZ6QDCRLU5X5LMJL23	shots/riceinfo_wiess/19990421074141.png	https://web.archive.org/web/19990421074141/http://riceinfo.rice.edu:80/projects/colleges/wiess/college/photos/frosh.html
riceinfo_wiess	19990421110436	http://riceinfo.rice.edu:80/projects/colleges/wiess/rules/index.html	KJB2R7TGQVVPNIERWO35KAGJ5N3I4QE3	shots/riceinfo_wiess/19990421110436.png	https://web.archive.org/web/19990421110436/http://riceinfo.rice.edu:80/projects/colleges/wiess/rules/index.html
riceinfo_wiess	19990421114416	http://riceinfo.rice.edu:80/projects/colleges/wiess/traditions/index.html	RZ6TMX4MWBCPUZV53FU2FJDMSV7UY2RE	shots/riceinfo_wiess/19990421114416.png	https://web.archive.org/web/19990421114416/http://riceinfo.rice.edu:80/projects/colleges/wiess/traditions/index.html
riceinfo_wiess	19990501122730	http://riceinfo.rice.edu:80/projects/colleges/wiess/college/architecture.html	5ALFZCJNMULCKQNVBSL7E4GTTBY2R3KK	shots/riceinfo_wiess/19990501122730.png	https://web.archive.org/web/19990501122730/http://riceinfo.rice.edu:80/projects/colleges/wiess/college/architecture.html
riceinfo_wiess	19990501125157	http://riceinfo.rice.edu:80/projects/colleges/wiess/college/gloss.html	2I2M7ILL57QRW6V52EHIGOQUIXEO6LIH	shots/riceinfo_wiess/19990501125157.png	https://web.archive.org/web/19990501125157/http://riceinfo.rice.edu:80/projects/colleges/wiess/college/gloss.html
riceinfo_wiess	19990501150106	http://riceinfo.rice.edu:80/projects/colleges/wiess/college/photos/index.html	QKTSJRZFRID64PEQJ2OCMV3H3VKDBB6B	shots/riceinfo_wiess/19990501150106.png	https://web.archive.org/web/19990501150106/http://riceinfo.rice.edu:80/projects/colleges/wiess/college/photos/index.html
riceinfo_wiess	19990501151027	http://riceinfo.rice.edu:80/projects/colleges/wiess/college/rooms.html	ZAZOFUXIOJV5CRU76KUGGZ4BGYCT6VAE	shots/riceinfo_wiess/19990501151027.png	https://web.archive.org/web/19990501151027/http://riceinfo.rice.edu:80/projects/colleges/wiess/college/rooms.html
riceinfo_wiess	19990501162859	http://riceinfo.rice.edu:80/projects/colleges/wiess/people/masters.html	MJN42F7PUSM35WXBUDCOTOMUQLFWREUE	shots/riceinfo_wiess/19990501162859.png	https://web.archive.org/web/19990501162859/http://riceinfo.rice.edu:80/projects/colleges/wiess/people/masters.html
riceinfo_wiess	19990501165236	http://riceinfo.rice.edu:80/projects/colleges/wiess/traditions/beerbike.html	RF4XPGFT2ODA6IJY2LP4PMU7RAJO6TT7	shots/riceinfo_wiess/19990501165236.png	https://web.archive.org/web/19990501165236/http://riceinfo.rice.edu:80/projects/colleges/wiess/traditions/beerbike.html
riceinfo_wiess	19990501170156	http://riceinfo.rice.edu:80/projects/colleges/wiess/traditions/jamfest.html	6BR5JJGQQPPD62K3OB56GJHZW47BSHIK	shots/riceinfo_wiess/19990501170156.png	https://web.archive.org/web/19990501170156/http://riceinfo.rice.edu:80/projects/colleges/wiess/traditions/jamfest.html
riceinfo_wiess	19990507193831	http://riceinfo.rice.edu:80/projects/colleges/wiess/news/minutes/index.html	BR6EKHY2FAVBQ6FUUX4D36MQGWFAC5EY	shots/riceinfo_wiess/19990507193831.png	https://web.archive.org/web/19990507193831/http://riceinfo.rice.edu:80/projects/colleges/wiess/news/minutes/index.html
riceinfo_wiess	19990507195314	http://riceinfo.rice.edu:80/projects/colleges/wiess/people/cabinet.html	KKMUQAVUCUPP7DI5DKWI5SOLCRF6DMHY	shots/riceinfo_wiess/19990507195314.png	https://web.archive.org/web/19990507195314/http://riceinfo.rice.edu:80/projects/colleges/wiess/people/cabinet.html
riceinfo_wiess	19991010105022	http://riceinfo.rice.edu:80/projects/colleges/wiess/college/	JJERGSN77R62JN2X6I6GHHUGAWHOYURM	shots/riceinfo_wiess/19991010105022.png	https://web.archive.org/web/19991010105022/http://riceinfo.rice.edu:80/projects/colleges/wiess/college/
riceinfo_wiess	19991010133011	http://riceinfo.rice.edu:80/projects/colleges/wiess/college/architecture.html	4OHWLUFHZDDIWYKNIZR3BMQSQGMECCAH	shots/riceinfo_wiess/19991010133011.png	https://web.archive.org/web/19991010133011/http://riceinfo.rice.edu:80/projects/colleges/wiess/college/architecture.html
riceinfo_wiess	19991010152900	http://riceinfo.rice.edu:80/projects/colleges/wiess/college/crest.html	3EFW2QU6IWDF7JG4K5FZEKFWEOKOTNBT	shots/riceinfo_wiess/19991010152900.png	https://web.archive.org/web/19991010152900/http://riceinfo.rice.edu:80/projects/colleges/wiess/college/crest.html
riceinfo_wiess	19991010171103	http://riceinfo.rice.edu:80/projects/colleges/wiess/college/gloss.html	UD6O655HEOIOSPFY4CYNYJYO5R66FBJJ	shots/riceinfo_wiess/19991010171103.png	https://web.archive.org/web/19991010171103/http://riceinfo.rice.edu:80/projects/colleges/wiess/college/gloss.html
riceinfo_wiess	19991010192220	http://riceinfo.rice.edu:80/projects/colleges/wiess/college/history.html	TAZBMU5GC7YGSI4ERR42DDM4OHN7SFJK	shots/riceinfo_wiess/19991010192220.png	https://web.archive.org/web/19991010192220/http://riceinfo.rice.edu:80/projects/colleges/wiess/college/history.html
riceinfo_wiess	19991010205138	http://riceinfo.rice.edu:80/projects/colleges/wiess/college/photos/	WKX745DG5YKH4AXV3IJWYZVM3YLS4OLD	shots/riceinfo_wiess/19991010205138.png	https://web.archive.org/web/19991010205138/http://riceinfo.rice.edu:80/projects/colleges/wiess/college/photos/
riceinfo_wiess	19991011000933	http://riceinfo.rice.edu:80/projects/colleges/wiess/college/photos/frosh.html	IXADCTZIQLJFIV2ROUYLKMPKXSFVP4TH	shots/riceinfo_wiess/19991011000933.png	https://web.archive.org/web/19991011000933/http://riceinfo.rice.edu:80/projects/colleges/wiess/college/photos/frosh.html
riceinfo_wiess	19991011005025	http://riceinfo.rice.edu:80/projects/colleges/wiess/college/photos/singles.html	ROELTN634ZM6K6RTJKWINDWYEP7SPPEG	shots/riceinfo_wiess/19991011005025.png	https://web.archive.org/web/19991011005025/http://riceinfo.rice.edu:80/projects/colleges/wiess/college/photos/singles.html
riceinfo_wiess	19991011025731	http://riceinfo.rice.edu:80/projects/colleges/wiess/college/photos/tower.html	R3NNZIO52ZVYN5FYIBBF4FXGPNXZCBQS	shots/riceinfo_wiess/19991011025731.png	https://web.archive.org/web/19991011025731/http://riceinfo.rice.edu:80/projects/colleges/wiess/college/photos/tower.html
riceinfo_wiess	19991011045515	http://riceinfo.rice.edu:80/projects/colleges/wiess/college/theman.html	L37X62ZATZA3K2PNLFRYU3CSNOEXLQ4N	shots/riceinfo_wiess/19991011045515.png	https://web.archive.org/web/19991011045515/http://riceinfo.rice.edu:80/projects/colleges/wiess/college/theman.html
riceinfo_wiess	19991011053622	http://riceinfo.rice.edu:80/projects/colleges/wiess/index.html	LF3E5ABUSF2YYR3K3T6VPEKHGIZZMWUE	shots/riceinfo_wiess/19991011053622.png	https://web.archive.org/web/19991011053622/http://riceinfo.rice.edu:80/projects/colleges/wiess/index.html
riceinfo_wiess	19991011082807	http://riceinfo.rice.edu:80/projects/colleges/wiess/news/minutes/index.html	F3WJYFQRUBLMKPIXWSVVVLXLEQBKGN76	shots/riceinfo_wiess/19991011082807.png	https://web.archive.org/web/19991011082807/http://riceinfo.rice.edu:80/projects/colleges/wiess/news/minutes/index.html
riceinfo_wiess	19991011154310	http://riceinfo.rice.edu:80/projects/colleges/wiess/people/associates.html	BQUADGTNN6TCWS7HQORH2J6LKNMCBIUW	shots/riceinfo_wiess/19991011154310.png	https://web.archive.org/web/19991011154310/http://riceinfo.rice.edu:80/projects/colleges/wiess/people/associates.html
riceinfo_wiess	19991011171329	http://riceinfo.rice.edu:80/projects/colleges/wiess/people/cabinet.html	J4SYWONRFCOLRZ4UBP7P4LZ45HM3XSFO	shots/riceinfo_wiess/19991011171329.png	https://web.archive.org/web/19991011171329/http://riceinfo.rice.edu:80/projects/colleges/wiess/people/cabinet.html
riceinfo_wiess	19991011192003	http://riceinfo.rice.edu:80/projects/colleges/wiess/people/court.html	NXYBD56NGHJCVJNRDAB3T5PCNVHOZRP5	shots/riceinfo_wiess/19991011192003.png	https://web.archive.org/web/19991011192003/http://riceinfo.rice.edu:80/projects/colleges/wiess/people/court.html
riceinfo_wiess	19991011212033	http://riceinfo.rice.edu:80/projects/colleges/wiess/people/masters.html	73TBESD5L2LAORFK5PCRRNZSC34NJEM3	shots/riceinfo_wiess/19991011212033.png	https://web.archive.org/web/19991011212033/http://riceinfo.rice.edu:80/projects/colleges/wiess/people/masters.html
riceinfo_wiess	19991013033503	http://riceinfo.rice.edu:80/projects/colleges/wiess/traditions/pumpkin.html	4UMZYR4FRQZSH4YI6F7LU5YEBFZYLRKN	shots/riceinfo_wiess/19991013033503.png	https://web.archive.org/web/19991013033503/http://riceinfo.rice.edu:80/projects/colleges/wiess/traditions/pumpkin.html
riceinfo_wiess	19991013152130	http://riceinfo.rice.edu:80/projects/colleges/wiess/rules/	7VAJFG2CANJF5FHKZGYS3S44VUI26QSA	shots/riceinfo_wiess/19991013152130.png	https://web.archive.org/web/19991013152130/http://riceinfo.rice.edu:80/projects/colleges/wiess/rules/
riceinfo_wiess	19991013161701	http://riceinfo.rice.edu:80/projects/colleges/wiess/rules/bylaws.html	74HV4CVIEUZ2P2THUDAVCDY7FQWZ24MQ	shots/riceinfo_wiess/19991013161701.png	https://web.archive.org/web/19991013161701/http://riceinfo.rice.edu:80/projects/colleges/wiess/rules/bylaws.html
riceinfo_wiess	19991013174425	http://riceinfo.rice.edu:80/projects/colleges/wiess/rules/rules.html	O4EURMNN4TGTGIOTQSNWIHUPVG6Q7Z5D	shots/riceinfo_wiess/19991013174425.png	https://web.archive.org/web/19991013174425/http://riceinfo.rice.edu:80/projects/colleges/wiess/rules/rules.html
riceinfo_wiess	19991013185104	http://riceinfo.rice.edu:80/projects/colleges/wiess/traditions/	D2SQHC6NDJAJTBJISP6XLWCA77REMLFI	shots/riceinfo_wiess/19991013185104.png	https://web.archive.org/web/19991013185104/http://riceinfo.rice.edu:80/projects/colleges/wiess/traditions/
riceinfo_wiess	19991013201007	http://riceinfo.rice.edu:80/projects/colleges/wiess/traditions/beerbike.html	IWQV2MNQ47LVNYTRRHDW24J2JRBOC5JF	shots/riceinfo_wiess/19991013201007.png	https://web.archive.org/web/19991013201007/http://riceinfo.rice.edu:80/projects/colleges/wiess/traditions/beerbike.html
riceinfo_wiess	19991013203944	http://riceinfo.rice.edu:80/projects/colleges/wiess/traditions/crack.html	75TVZQKHL65IGGPJUNMDUS5OKGVUHBQF	shots/riceinfo_wiess/19991013203944.png	https://web.archive.org/web/19991013203944/http://riceinfo.rice.edu:80/projects/colleges/wiess/traditions/crack.html
riceinfo_wiess	19991013222623	http://riceinfo.rice.edu:80/projects/colleges/wiess/traditions/hanszensucks.html	PJDCL5ZA3YRUYF7O6CGQKCQ52KUDRO6E	shots/riceinfo_wiess/19991013222623.png	https://web.archive.org/web/19991013222623/http://riceinfo.rice.edu:80/projects/colleges/wiess/traditions/hanszensucks.html
riceinfo_wiess	19991013233904	http://riceinfo.rice.edu:80/projects/colleges/wiess/traditions/jamfest.html	EMJNBWTBWCKDTCH6K43HBONUGDR6M2JD	shots/riceinfo_wiess/19991013233904.png	https://web.archive.org/web/19991013233904/http://riceinfo.rice.edu:80/projects/colleges/wiess/traditions/jamfest.html
riceinfo_wiess	19991014010325	http://riceinfo.rice.edu:80/projects/colleges/wiess/traditions/norse.html	BC2OKCWROUDIFRZ4WDXPN7VY5HVCIPUG	shots/riceinfo_wiess/19991014010325.png	https://web.archive.org/web/19991014010325/http://riceinfo.rice.edu:80/projects/colleges/wiess/traditions/norse.html
riceinfo_wiess	19991014023658	http://riceinfo.rice.edu:80/projects/colleges/wiess/traditions/teamwiess.html	4AF3ZLUADBH22CUWKVF2Q3SSRLKBAESU	shots/riceinfo_wiess/19991014023658.png	https://web.archive.org/web/19991014023658/http://riceinfo.rice.edu:80/projects/colleges/wiess/traditions/teamwiess.html
riceinfo_wiess	19991014035413	http://riceinfo.rice.edu:80/projects/colleges/wiess/traditions/tieday.html	3YIOGGEF7HFA2AD7ATZKWQE2A5AY6OCE	shots/riceinfo_wiess/19991014035413.png	https://web.archive.org/web/19991014035413/http://riceinfo.rice.edu:80/projects/colleges/wiess/traditions/tieday.html
riceinfo_wiess	19991014045707	http://riceinfo.rice.edu:80/projects/colleges/wiess/traditions/ubangee.html	Z2LGPTBIMHGBX3QGOV7ET6SYN7NEOTRN	shots/riceinfo_wiess/19991014045707.png	https://web.archive.org/web/19991014045707/http://riceinfo.rice.edu:80/projects/colleges/wiess/traditions/ubangee.html
riceinfo_wiess	20000411023608	http://riceinfo.rice.edu:80/projects/colleges/wiess/traditions/pumpkin.html	UE6EZVTLSTEBMYE6Y7ZQKDDYZ3G5HRDG	shots/riceinfo_wiess/20000411023608.png	https://web.archive.org/web/20000411023608/http://riceinfo.rice.edu:80/projects/colleges/wiess/traditions/pumpkin.html
riceinfo_wiess	20000417221643	http://riceinfo.rice.edu:80/projects/colleges/wiess/traditions/pumpkin.html	MPE3E2RKGRJJOHZVVAZWND5MQ23QY4DA	shots/riceinfo_wiess/20000417221643.png	https://web.archive.org/web/20000417221643/http://riceinfo.rice.edu:80/projects/colleges/wiess/traditions/pumpkin.html
riceinfo_wiess	20000526190203	http://riceinfo.rice.edu:80/projects/colleges/wiess/traditions/index.html	7JHZJZBPYNE5NDCNO6GXENNNE2TTPOPB	shots/riceinfo_wiess/20000526190203.png	https://web.archive.org/web/20000526190203/http://riceinfo.rice.edu:80/projects/colleges/wiess/traditions/index.html
riceinfo_wiess	20000531175310	http://riceinfo.rice.edu:80/projects/colleges/wiess/college/crest.html	W6X2STYE545BC7TQUZA4L6LMNK6JAZMM	shots/riceinfo_wiess/20000531175310.png	https://web.archive.org/web/20000531175310/http://riceinfo.rice.edu:80/projects/colleges/wiess/college/crest.html
riceinfo_wiess	20000708195452	http://riceinfo.rice.edu:80/projects/colleges/wiess/college/index.html	ASTZ2GNTRMIFM7E6TZPGK2LVZUCAZKTL	shots/riceinfo_wiess/20000708195452.png	https://web.archive.org/web/20000708195452/http://riceinfo.rice.edu:80/projects/colleges/wiess/college/index.html
riceinfo_wiess	20000805085640	http://riceinfo.rice.edu:80/projects/colleges/wiess/images/bground.gif	B53A5CKPDP4B2LEZZFM7QQN24XKME7GH	shots/riceinfo_wiess/20000805085640.png	https://web.archive.org/web/20000805085640/http://riceinfo.rice.edu:80/projects/colleges/wiess/images/bground.gif
riceinfo_wiess	20000805085644	http://riceinfo.rice.edu:80/projects/colleges/wiess/images/news.gif	3GZG5JTM7FEL76HP4KVCISYXLULOP5KU	shots/riceinfo_wiess/20000805085644.png	https://web.archive.org/web/20000805085644/http://riceinfo.rice.edu:80/projects/colleges/wiess/images/news.gif
riceinfo_wiess	20000818090739	http://riceinfo.rice.edu:80/projects/colleges/wiess/	RWULOZKSEMUWDJQW26ORZRTLUJAMBRT5	shots/riceinfo_wiess/20000818090739.png	https://web.archive.org/web/20000818090739/http://riceinfo.rice.edu:80/projects/colleges/wiess/
riceinfo_wiess	20000818231526	http://riceinfo.rice.edu:80/projects/colleges/wiess/images/views/mid.jpg	LWFEME3QZHKN5OBQCBTUURKQD2RHKT6J	shots/riceinfo_wiess/20000818231526.png	https://web.archive.org/web/20000818231526/http://riceinfo.rice.edu:80/projects/colleges/wiess/images/views/mid.jpg
riceinfo_wiess	20000819164247	http://riceinfo.rice.edu:80/projects/colleges/wiess/images/views/3mid.jpg	BRQGF7ED5MKYCWKWBR4X5TK345SJX6NU	shots/riceinfo_wiess/20000819164247.png	https://web.archive.org/web/20000819164247/http://riceinfo.rice.edu:80/projects/colleges/wiess/images/views/3mid.jpg
riceinfo_wiess	20000824093229	http://riceinfo.rice.edu:80/projects/colleges/wiess/images/pageArt/wiess-tiny.gif	YG273DDLZFU2ZHZSLFSEOI6GHOZYZY7W	shots/riceinfo_wiess/20000824093229.png	https://web.archive.org/web/20000824093229/http://riceinfo.rice.edu:80/projects/colleges/wiess/images/pageArt/wiess-tiny.gif
riceinfo_wiess	20000904101426	http://riceinfo.rice.edu:80/projects/colleges/wiess/images/peepul/paulahutchinson2.gif	MUI7M4YXOPMPCX6HDKRRIL7YXBIHV4WT	shots/riceinfo_wiess/20000904101426.png	https://web.archive.org/web/20000904101426/http://riceinfo.rice.edu:80/projects/colleges/wiess/images/peepul/paulahutchinson2.gif
riceinfo_wiess	20000904171616	http://riceinfo.rice.edu:80/projects/colleges/wiess/images/peepul/johnhutchinson2.gif	APN4DB6D6N32QC523ND5NVUDJMR7TXSF	shots/riceinfo_wiess/20000904171616.png	https://web.archive.org/web/20000904171616/http://riceinfo.rice.edu:80/projects/colleges/wiess/images/peepul/johnhutchinson2.gif
riceinfo_wiess	20000919015911	http://riceinfo.rice.edu:80/projects/colleges/wiess/images/top.gif	K4WLGTAX3HPNXVO5OX55RRPH2S2IJCAR	shots/riceinfo_wiess/20000919015911.png	https://web.archive.org/web/20000919015911/http://riceinfo.rice.edu:80/projects/colleges/wiess/images/top.gif
riceinfo_wiess	20000925204037	http://riceinfo.rice.edu:80/projects/colleges/wiess/images/new_yellow.gif	TEZ5RYDXMB5PK4DX43RGIE6ITEEA44BH	shots/riceinfo_wiess/20000925204037.png	https://web.archive.org/web/20000925204037/http://riceinfo.rice.edu:80/projects/colleges/wiess/images/new_yellow.gif
riceinfo_wiess	20000926072745	http://riceinfo.rice.edu:80/projects/colleges/wiess/images/views/fish-room.jpg	PIBJQBAIGVMGF56KS6TFSY3V2ODCEP2X	shots/riceinfo_wiess/20000926072745.png	https://web.archive.org/web/20000926072745/http://riceinfo.rice.edu:80/projects/colleges/wiess/images/views/fish-room.jpg
riceinfo_wiess	20000926195512	http://riceinfo.rice.edu:80/projects/colleges/wiess/images/peepul/hcwiess.jpg	7YG6GJ6UW3F7MZ6OIQPQCTCBALH4HCGG	shots/riceinfo_wiess/20000926195512.png	https://web.archive.org/web/20000926195512/http://riceinfo.rice.edu:80/projects/colleges/wiess/images/peepul/hcwiess.jpg
riceinfo_wiess	20000926225714	http://riceinfo.rice.edu:80/projects/colleges/wiess/images/peepul/associates/standodds-tn.jpg	5DZ64TDDNJPJIIDRU6B3D6RB3BGD2YYP	shots/riceinfo_wiess/20000926225714.png	https://web.archive.org/web/20000926225714/http://riceinfo.rice.edu:80/projects/colleges/wiess/images/peepul/associates/standodds-tn.jpg
riceinfo_wiess	20000928213018	http://riceinfo.rice.edu:80/projects/colleges/wiess/images/events/beerbike/warpig1.gif	SHRBA7QG3MVIPBYV6SG6Q6H4DACKPKBW	shots/riceinfo_wiess/20000928213018.png	https://web.archive.org/web/20000928213018/http://riceinfo.rice.edu:80/projects/colleges/wiess/images/events/beerbike/warpig1.gif
riceinfo_wiess	20000929083236	http://riceinfo.rice.edu:80/projects/colleges/wiess/people/alumni.html	556BRPBF67CYIFPXNSUH3IV4NZZD32XH	shots/riceinfo_wiess/20000929083236.png	https://web.archive.org/web/20000929083236/http://riceinfo.rice.edu:80/projects/colleges/wiess/people/alumni.html
riceinfo_wiess	20001009190226	http://riceinfo.rice.edu:80/projects/colleges/wiess/traditions/index.html	2GQFMLZT7DNRECK62YHMEMROSYLLZN2B	shots/riceinfo_wiess/20001009190226.png	https://web.archive.org/web/20001009190226/http://riceinfo.rice.edu:80/projects/colleges/wiess/traditions/index.html
riceinfo_wiess	20001119201200	http://riceinfo.rice.edu:80/projects/colleges/wiess/index.html	BTW2EEKBBZJRSRL7FZ2O7ILLANS4JB6P	shots/riceinfo_wiess/20001119201200.png	https://web.archive.org/web/20001119201200/http://riceinfo.rice.edu:80/projects/colleges/wiess/index.html
riceinfo_wiess	20001119204500	http://riceinfo.rice.edu:80/projects/colleges/wiess/news/index.html	X2RDVZNF4BVA4HLVUVNNJEQ5AESE6MTN	shots/riceinfo_wiess/20001119204500.png	https://web.archive.org/web/20001119204500/http://riceinfo.rice.edu:80/projects/colleges/wiess/news/index.html
riceinfo_wiess	20001120001700	http://riceinfo.rice.edu:80/projects/colleges/wiess/traditions/battlesows.html	2ISL5UDO53HRJSOZCIXAARRQ7VES2WRG	shots/riceinfo_wiess/20001120001700.png	https://web.archive.org/web/20001120001700/http://riceinfo.rice.edu:80/projects/colleges/wiess/traditions/battlesows.html
riceinfo_wiess	20001201185900	http://riceinfo.rice.edu:80/projects/colleges/wiess/news/index.html	M4AYM5P2GZHCYBNJZSKDYPG5V5FXKSSF	shots/riceinfo_wiess/20001201185900.png	https://web.archive.org/web/20001201185900/http://riceinfo.rice.edu:80/projects/colleges/wiess/news/index.html
riceinfo_wiess	20001201192400	http://riceinfo.rice.edu:80/projects/colleges/wiess/people/alumni.html	V26NNLRSEJXEUVUWL7OEACMGQSVQR2S7	shots/riceinfo_wiess/20001201192400.png	https://web.archive.org/web/20001201192400/http://riceinfo.rice.edu:80/projects/colleges/wiess/people/alumni.html
riceinfo_wiess	20001201200000	http://riceinfo.rice.edu:80/projects/colleges/wiess/people/index.html	ICNOL43J3MNBOP2W5N53DFQKS5RUSGHL	shots/riceinfo_wiess/20001201200000.png	https://web.archive.org/web/20001201200000/http://riceinfo.rice.edu:80/projects/colleges/wiess/people/index.html
riceinfo_wiess	20001201203800	http://riceinfo.rice.edu:80/projects/colleges/wiess/rules/index.html	VIIAU7QIOQBO6ULGTJXEVGUXRNXNFGCK	shots/riceinfo_wiess/20001201203800.png	https://web.archive.org/web/20001201203800/http://riceinfo.rice.edu:80/projects/colleges/wiess/rules/index.html
riceinfo_wiess	20001207040500	http://riceinfo.rice.edu:80/projects/colleges/wiess/college/architecture.html	HYBOEU4XB5MUWOZJY34CZ7I62T6A3UI7	shots/riceinfo_wiess/20001207040500.png	https://web.archive.org/web/20001207040500/http://riceinfo.rice.edu:80/projects/colleges/wiess/college/architecture.html
riceinfo_wiess	20001207044500	http://riceinfo.rice.edu:80/projects/colleges/wiess/college/crest.html	KKTHDWZXGICEQFEDRM5B2EW437GEM5KJ	shots/riceinfo_wiess/20001207044500.png	https://web.archive.org/web/20001207044500/http://riceinfo.rice.edu:80/projects/colleges/wiess/college/crest.html
riceinfo_wiess	20001207053100	http://riceinfo.rice.edu:80/projects/colleges/wiess/college/gloss.html	EJN7MUNL2NJZCLLZLVMN2TA457IJEVU6	shots/riceinfo_wiess/20001207053100.png	https://web.archive.org/web/20001207053100/http://riceinfo.rice.edu:80/projects/colleges/wiess/college/gloss.html
riceinfo_wiess	20001207061800	http://riceinfo.rice.edu:80/projects/colleges/wiess/college/history.html	CYWRKT52TI3GMSFGSB3MPPUPF4235E2N	shots/riceinfo_wiess/20001207061800.png	https://web.archive.org/web/20001207061800/http://riceinfo.rice.edu:80/projects/colleges/wiess/college/history.html
riceinfo_wiess	20001207075600	http://riceinfo.rice.edu:80/projects/colleges/wiess/college/photos/index.html	ZRKIWXFVXCDSLFJLHYGA6BUEWJY6NYOD	shots/riceinfo_wiess/20001207075600.png	https://web.archive.org/web/20001207075600/http://riceinfo.rice.edu:80/projects/colleges/wiess/college/photos/index.html
riceinfo_wiess	20001207084400	http://riceinfo.rice.edu:80/projects/colleges/wiess/college/rooms.html	SMVRSHFE3NPXKLTQ3YWTRRMOHTD7PWWC	shots/riceinfo_wiess/20001207084400.png	https://web.archive.org/web/20001207084400/http://riceinfo.rice.edu:80/projects/colleges/wiess/college/rooms.html
riceinfo_wiess	20001207093500	http://riceinfo.rice.edu:80/projects/colleges/wiess/college/theman.html	TSZ53UJO5P3FUWLZJNLIMJERWH4CRJNA	shots/riceinfo_wiess/20001207093500.png	https://web.archive.org/web/20001207093500/http://riceinfo.rice.edu:80/projects/colleges/wiess/college/theman.html
riceinfo_wiess	20001208172400	http://riceinfo.rice.edu:80/projects/colleges/wiess/people/cabinet.html	BQXQTWDPVX5FX7XT4YSU3OV7G4ZDTH3F	shots/riceinfo_wiess/20001208172400.png	https://web.archive.org/web/20001208172400/http://riceinfo.rice.edu:80/projects/colleges/wiess/people/cabinet.html
riceinfo_wiess	20001208190700	http://riceinfo.rice.edu:80/projects/colleges/wiess/people/court.html	IXTZUPCMGXTSBCZQ7BZUKTJ2XKSPPINS	shots/riceinfo_wiess/20001208190700.png	https://web.archive.org/web/20001208190700/http://riceinfo.rice.edu:80/projects/colleges/wiess/people/court.html
riceinfo_wiess	20001208204400	http://riceinfo.rice.edu:80/projects/colleges/wiess/people/masters.html	Y3RDRK3SVCCRB7VLICX5IVX7UAPAMZYL	shots/riceinfo_wiess/20001208204400.png	https://web.archive.org/web/20001208204400/http://riceinfo.rice.edu:80/projects/colleges/wiess/people/masters.html
riceinfo_wiess	20001209173600	http://riceinfo.rice.edu:80/projects/colleges/wiess/people/associates.html	S5LQRXBN4YMATHA5RGNQYSLBYA7BR4GI	shots/riceinfo_wiess/20001209173600.png	https://web.archive.org/web/20001209173600/http://riceinfo.rice.edu:80/projects/colleges/wiess/people/associates.html
riceinfo_wiess	20010209124659	http://riceinfo.rice.edu:80/projects/colleges/wiess/other/trampphilanthropy.html	HW4DTIHXEDQYFTENSZFCI2OOPMQ7PMCP	shots/riceinfo_wiess/20010209124659.png	https://web.archive.org/web/20010209124659/http://riceinfo.rice.edu:80/projects/colleges/wiess/other/trampphilanthropy.html
riceinfo_wiess	20010219002037	http://riceinfo.rice.edu:80/projects/colleges/wiess/rules/rules.html	VPGQVD6WDXSJGKQPE5JYWJNSHM5YH4WJ	shots/riceinfo_wiess/20010219002037.png	https://web.archive.org/web/20010219002037/http://riceinfo.rice.edu:80/projects/colleges/wiess/rules/rules.html
riceinfo_wiess	20010219002416	http://riceinfo.rice.edu:80/projects/colleges/wiess/people/cabinet.html	DLDFKPCZAPSDWHM6233V64RYHM42S5RJ	shots/riceinfo_wiess/20010219002416.png	https://web.archive.org/web/20010219002416/http://riceinfo.rice.edu:80/projects/colleges/wiess/people/cabinet.html
riceinfo_wiess	20010219002459	http://riceinfo.rice.edu:80/projects/colleges/wiess/traditions/hanszensucks.html	X3RWDPIC3SLQTOWPRH6LWMEYNO66647F	shots/riceinfo_wiess/20010219002459.png	https://web.archive.org/web/20010219002459/http://riceinfo.rice.edu:80/projects/colleges/wiess/traditions/hanszensucks.html
riceinfo_wiess	20010219002512	http://riceinfo.rice.edu:80/projects/colleges/wiess/traditions/tieday.html	NME3PJAJMX2XVOAGHDPYTROE6J6T47AZ	shots/riceinfo_wiess/20010219002512.png	https://web.archive.org/web/20010219002512/http://riceinfo.rice.edu:80/projects/colleges/wiess/traditions/tieday.html
riceinfo_wiess	20010219002612	http://riceinfo.rice.edu:80/projects/colleges/wiess/traditions/collegenight.html	WXD43V7BZ7OZFJVSCLKYCKCGJVGFZFVW	shots/riceinfo_wiess/20010219002612.png	https://web.archive.org/web/20010219002612/http://riceinfo.rice.edu:80/projects/colleges/wiess/traditions/collegenight.html
riceinfo_wiess	20010219002644	http://riceinfo.rice.edu:80/projects/colleges/wiess/traditions/battlesows.html	CVYOSFXY6GUFR5QCRGFOQKKPXXIEPDHL	shots/riceinfo_wiess/20010219002644.png	https://web.archive.org/web/20010219002644/http://riceinfo.rice.edu:80/projects/colleges/wiess/traditions/battlesows.html
riceinfo_wiess	20010219002703	http://riceinfo.rice.edu:80/projects/colleges/wiess/traditions/beerbike.html	2GIQZMBRBDUON5AYUB5YOVGYPZAKGD2X	shots/riceinfo_wiess/20010219002703.png	https://web.archive.org/web/20010219002703/http://riceinfo.rice.edu:80/projects/colleges/wiess/traditions/beerbike.html
riceinfo_wiess	20010219002716	http://riceinfo.rice.edu:80/projects/colleges/wiess/traditions/crack.html	TZPOSHAMJ4MMHRTKT5CYRGKKLSIDTPEZ	shots/riceinfo_wiess/20010219002716.png	https://web.archive.org/web/20010219002716/http://riceinfo.rice.edu:80/projects/colleges/wiess/traditions/crack.html
riceinfo_wiess	20010219002739	http://riceinfo.rice.edu:80/projects/colleges/wiess/traditions/jamfest.html	55PILELYYTSIGBG4TQRHT27BUPIN7CZ7	shots/riceinfo_wiess/20010219002739.png	https://web.archive.org/web/20010219002739/http://riceinfo.rice.edu:80/projects/colleges/wiess/traditions/jamfest.html
riceinfo_wiess	20010219002832	http://riceinfo.rice.edu:80/projects/colleges/wiess/traditions/norse.html	IZRLA3AIVBN5MFZAGGUNLQTT262OGTEI	shots/riceinfo_wiess/20010219002832.png	https://web.archive.org/web/20010219002832/http://riceinfo.rice.edu:80/projects/colleges/wiess/traditions/norse.html
riceinfo_wiess	20010219002844	http://riceinfo.rice.edu:80/projects/colleges/wiess/rules/constitution.html	XWSVXQGBRL32EOOZJYCJLURHWBM3NM7L	shots/riceinfo_wiess/20010219002844.png	https://web.archive.org/web/20010219002844/http://riceinfo.rice.edu:80/projects/colleges/wiess/rules/constitution.html
riceinfo_wiess	20010605160715	http://riceinfo.rice.edu:80/projects/colleges/wiess/index.html	MXII2EGX7JFKKBH6XLFJWYYYNMQ25DY5	shots/riceinfo_wiess/20010605160715.png	https://web.archive.org/web/20010605160715/http://riceinfo.rice.edu:80/projects/colleges/wiess/index.html
riceinfo_wiess	20010606184315	http://riceinfo.rice.edu:80/projects/colleges/wiess/images/pageArt/wiess-button.gif	DFY2RIJJD3U3B3LG72VV642HK4O4XYXZ	shots/riceinfo_wiess/20010606184315.png	https://web.archive.org/web/20010606184315/http://riceinfo.rice.edu:80/projects/colleges/wiess/images/pageArt/wiess-button.gif
riceinfo_wiess	20010606203031	http://riceinfo.rice.edu:80/projects/colleges/wiess/images/peepul/associates/drbill-tn.jpg	GHFPAWBC7OFKWQGC5ADNA33O6ZFS4RKM	shots/riceinfo_wiess/20010606203031.png	https://web.archive.org/web/20010606203031/http://riceinfo.rice.edu:80/projects/colleges/wiess/images/peepul/associates/drbill-tn.jpg
riceinfo_wiess	20010606203413	http://riceinfo.rice.edu:80/projects/colleges/wiess/images/views/acabowl.jpg	NLSOQC6NG55ZBF5FKJQZBV7HIDT43MIR	shots/riceinfo_wiess/20010606203413.png	https://web.archive.org/web/20010606203413/http://riceinfo.rice.edu:80/projects/colleges/wiess/images/views/acabowl.jpg
riceinfo_wiess	20010620073649	http://riceinfo.rice.edu:80/projects/colleges/wiess/images/events/beerbike/pigsheadsmall.gif	VCCIUNQTJFYG4KEDAIILU7TNVCHG3IIS	shots/riceinfo_wiess/20010620073649.png	https://web.archive.org/web/20010620073649/http://riceinfo.rice.edu:80/projects/colleges/wiess/images/events/beerbike/pigsheadsmall.gif
riceinfo_wiess	20010620074003	http://riceinfo.rice.edu:80/projects/colleges/wiess/images/sows/daSowsThumb.jpg	5FFB35P7ZXPWE5QYOZFK5BPD22T725XZ	shots/riceinfo_wiess/20010620074003.png	https://web.archive.org/web/20010620074003/http://riceinfo.rice.edu:80/projects/colleges/wiess/images/sows/daSowsThumb.jpg
riceinfo_wiess	20010620075155	http://riceinfo.rice.edu:80/projects/colleges/wiess/images/sows/huddle.jpg	4TUUJWUZIYPS6NC2XL4D5UK54RYISMI6	shots/riceinfo_wiess/20010620075155.png	https://web.archive.org/web/20010620075155/http://riceinfo.rice.edu:80/projects/colleges/wiess/images/sows/huddle.jpg
riceinfo_wiess	20010620075418	http://riceinfo.rice.edu:80/projects/colleges/wiess/images/sows/huddleThumb.jpg	FNKI7K66V2AU2VEWO3RJGAP6MIDWV7QI	shots/riceinfo_wiess/20010620075418.png	https://web.archive.org/web/20010620075418/http://riceinfo.rice.edu:80/projects/colleges/wiess/images/sows/huddleThumb.jpg
riceinfo_wiess	20010620113845	http://riceinfo.rice.edu:80/projects/colleges/wiess/images/events/norsenight/norse1small.gif	VKXFES46WUYC7KRKMPE6KVDO237S7EGD	shots/riceinfo_wiess/20010620113845.png	https://web.archive.org/web/20010620113845/http://riceinfo.rice.edu:80/projects/colleges/wiess/images/events/norsenight/norse1small.gif
riceinfo_wiess	20010620120142	http://riceinfo.rice.edu:80/projects/colleges/wiess/images/events/jamfest/jamfest1.gif	PLI56PUWKED3643PCNJTJX2KYPEIGF3N	shots/riceinfo_wiess/20010620120142.png	https://web.archive.org/web/20010620120142/http://riceinfo.rice.edu:80/projects/colleges/wiess/images/events/jamfest/jamfest1.gif
riceinfo_wiess	20010620122129	http://riceinfo.rice.edu:80/projects/colleges/wiess/images/events/beerbike/beerbike1.gif	5CIJOZ2TQES4GJ2WTHPQZJAHXTNEHEJA	shots/riceinfo_wiess/20010620122129.png	https://web.archive.org/web/20010620122129/http://riceinfo.rice.edu:80/projects/colleges/wiess/images/events/beerbike/beerbike1.gif
riceinfo_wiess	20010620123318	http://riceinfo.rice.edu:80/projects/colleges/wiess/images/events/beerbike/beerbike2.gif	SOHCIRMS4JQ4ME6GKZOITUVVFPK7ZSIW	shots/riceinfo_wiess/20010620123318.png	https://web.archive.org/web/20010620123318/http://riceinfo.rice.edu:80/projects/colleges/wiess/images/events/beerbike/beerbike2.gif
riceinfo_wiess	20011112112601	http://riceinfo.rice.edu:80/projects/colleges/wiess/college/photos/tennis.html	JOX4ZK4T2ZEK6GXROSK26T3WIQX2GVUY	shots/riceinfo_wiess/20011112112601.png	https://web.archive.org/web/20011112112601/http://riceinfo.rice.edu:80/projects/colleges/wiess/college/photos/tennis.html
riceinfo_wiess	20020107020729	http://riceinfo.rice.edu:80/projects/colleges/wiess/traditions/ubangee.html	FZAL3FHBNA4GLLLXSE2SRIVOLQGFAMWW	shots/riceinfo_wiess/20020107020729.png	https://web.archive.org/web/20020107020729/http://riceinfo.rice.edu:80/projects/colleges/wiess/traditions/ubangee.html
riceinfo_wiess	20020111234732	http://riceinfo.rice.edu:80/projects/colleges/wiess/restricted/getim.html	72YTHJKOITNEXKOIJQMNY7ZTJEWSL3MP	shots/riceinfo_wiess/20020111234732.png	https://web.archive.org/web/20020111234732/http://riceinfo.rice.edu:80/projects/colleges/wiess/restricted/getim.html
riceinfo_wiess	20020116233355	http://riceinfo.rice.edu:80/projects/colleges/wiess/college/photos/acabowl.html	IPFSGIVDE3BTFTEW6HPRJMH4JCKYHI2G	shots/riceinfo_wiess/20020116233355.png	https://web.archive.org/web/20020116233355/http://riceinfo.rice.edu:80/projects/colleges/wiess/college/photos/acabowl.html
riceinfo_wiess	20020116235802	http://riceinfo.rice.edu:80/projects/colleges/wiess/college/photos/frosh.html	YQGEQ5W7RAO35BT4SRNRMBVSOLARWAC6	shots/riceinfo_wiess/20020116235802.png	https://web.archive.org/web/20020116235802/http://riceinfo.rice.edu:80/projects/colleges/wiess/college/photos/frosh.html
riceinfo_wiess	20020116235913	http://riceinfo.rice.edu:80/projects/colleges/wiess/college/photos/singles.html	B6GNEU3CNVRSUWK732TK5XL2QWCRNUJ4	shots/riceinfo_wiess/20020116235913.png	https://web.archive.org/web/20020116235913/http://riceinfo.rice.edu:80/projects/colleges/wiess/college/photos/singles.html
riceinfo_wiess	20020116235920	http://riceinfo.rice.edu:80/projects/colleges/wiess/college/photos/tower.html	6JOP54DG5TDYAIGKRZZF7XIXPY4MAXVW	shots/riceinfo_wiess/20020116235920.png	https://web.archive.org/web/20020116235920/http://riceinfo.rice.edu:80/projects/colleges/wiess/college/photos/tower.html
riceinfo_wiess	20020225120540	http://riceinfo.rice.edu:80/projects/colleges/wiess/traditions/teamwiess.html	PCFCWJV2Y6AHU44JU2X6UPDXK6QFVAZB	shots/riceinfo_wiess/20020225120540.png	https://web.archive.org/web/20020225120540/http://riceinfo.rice.edu:80/projects/colleges/wiess/traditions/teamwiess.html
riceinfo_wiess	20020608120215	http://riceinfo.rice.edu:80/projects/colleges/wiess/images/sows/kathy.jpg	K3QCMJTRAYRJIRGNGEV4ZGNZ5GA7HAQI	shots/riceinfo_wiess/20020608120215.png	https://web.archive.org/web/20020608120215/http://riceinfo.rice.edu:80/projects/colleges/wiess/images/sows/kathy.jpg
riceinfo_wiess	20020608120842	http://riceinfo.rice.edu:80/projects/colleges/wiess/images/sows/kathyThumb.jpg	WKT5GBYYQHFX6OVRRDDT6CBBP54S5DXI	shots/riceinfo_wiess/20020608120842.png	https://web.archive.org/web/20020608120842/http://riceinfo.rice.edu:80/projects/colleges/wiess/images/sows/kathyThumb.jpg
riceinfo_wiess	20020608220110	http://riceinfo.rice.edu:80/projects/colleges/wiess/images/sows/daSows.jpg	PZJ3BCI7NGANSEFJ2TIYB774GN47RFH7	shots/riceinfo_wiess/20020608220110.png	https://web.archive.org/web/20020608220110/http://riceinfo.rice.edu:80/projects/colleges/wiess/images/sows/daSows.jpg
riceinfo_wiess	20020615221715	http://riceinfo.rice.edu:80/projects/colleges/wiess/college/photos/backabowl.html	QECAQ2LZRM2C6IPO6O7IONXSAGYC2K5Y	shots/riceinfo_wiess/20020615221715.png	https://web.archive.org/web/20020615221715/http://riceinfo.rice.edu:80/projects/colleges/wiess/college/photos/backabowl.html
riceinfo_wiess	20020910130414	http://riceinfo.rice.edu:80/projects/colleges/wiess/images/views/acabowl-tn.jpg	W2LCNZE2EGMGK3LETNF73AHS3FQ3TXUX	shots/riceinfo_wiess/20020910130414.png	https://web.archive.org/web/20020910130414/http://riceinfo.rice.edu:80/projects/colleges/wiess/images/views/acabowl-tn.jpg
riceinfo_wiess	20021111110040	http://riceinfo.rice.edu:80/projects/colleges/wiess/images/other/elvistie.gif	JZOK64NQICBNFYEMTV5ROA4SHRHDPKCQ	shots/riceinfo_wiess/20021111110040.png	https://web.archive.org/web/20021111110040/http://riceinfo.rice.edu:80/projects/colleges/wiess/images/other/elvistie.gif
riceinfo_wiess	20021111110844	http://riceinfo.rice.edu:80/projects/colleges/wiess/images/peepul/students/evanbangee.gif	AVTOLODYLM2FIKLE4TW5KHOSYNKPA34N	shots/riceinfo_wiess/20021111110844.png	https://web.archive.org/web/20021111110844/http://riceinfo.rice.edu:80/projects/colleges/wiess/images/peepul/students/evanbangee.gif
riceinfo_wiess	20030419042537	http://riceinfo.rice.edu:80/projects/colleges/wiess/images/sows/whatTime.jpg	EGLPYQODEVUZX5XERXLNPO2MW53HKQUA	shots/riceinfo_wiess/20030419042537.png	https://web.archive.org/web/20030419042537/http://riceinfo.rice.edu:80/projects/colleges/wiess/images/sows/whatTime.jpg
riceinfo_wiess	20030419044257	http://riceinfo.rice.edu:80/projects/colleges/wiess/images/sows/whatTimeThumb.jpg	PE4Z4WXRKO72XWFFERDYD6XDQE24SRXD	shots/riceinfo_wiess/20030419044257.png	https://web.archive.org/web/20030419044257/http://riceinfo.rice.edu:80/projects/colleges/wiess/images/sows/whatTimeThumb.jpg
teamwiess	20010124011100	http://www.teamwiess.com:80/	E7VGR5SLN7U6PXLSR5RFRS5SVGIJV3XO	shots/teamwiess/20010124011100.png	https://web.archive.org/web/20010124011100/http://www.teamwiess.com:80/
teamwiess	20011129225846	http://teamwiess.com:80/	YQEL36REULD5NXZKUXSSMUXRWZXAC4YA	shots/teamwiess/20011129225846.png	https://web.archive.org/web/20011129225846/http://teamwiess.com:80/
teamwiess	20020803020904	http://www.teamwiess.com:80/	GT2DHSSKJNINXDEFMBQQEGMFYGHKUSVI	shots/teamwiess/20020803020904.png	https://web.archive.org/web/20020803020904/http://www.teamwiess.com:80/
teamwiess	20020928133321	http://www.teamwiess.com:80/	E5QHG6WBL6CJ3GQCTCASEQORXF5MKA4Q	shots/teamwiess/20020928133321.png	https://web.archive.org/web/20020928133321/http://www.teamwiess.com:80/
teamwiess	20030206122151	http://www.teamwiess.com:80/	W2E2HNB2VMZ554AQ22HJWYKLOXFZPFVX	shots/teamwiess/20030206122151.png	https://web.archive.org/web/20030206122151/http://www.teamwiess.com:80/
teamwiess	20031016184454	http://www.teamwiess.com:80/	VIODTIZXMGCBDG4KSALULWX2JJGTBXYN	shots/teamwiess/20031016184454.png	https://web.archive.org/web/20031016184454/http://www.teamwiess.com:80/
teamwiess	20040901030753	http://www.teamwiess.com:80/	G6MKK5WAYQWTE2L4HHO7VJS5KWRDZZQF	shots/teamwiess/20040901030753.png	https://web.archive.org/web/20040901030753/http://www.teamwiess.com:80/
teamwiess	20041130193721	http://www.teamwiess.com:80/	LLAY43WZOVWFSROHB2QFIURURBI73JOR	shots/teamwiess/20041130193721.png	https://web.archive.org/web/20041130193721/http://www.teamwiess.com:80/
teamwiess	20050611004123	http://www.teamwiess.com:80/	LWBKSO6DESOXZFMKNCSAWXRUQX42XC5E	shots/teamwiess/20050611004123.png	https://web.archive.org/web/20050611004123/http://www.teamwiess.com:80/
teamwiess	20060702143929	http://www.teamwiess.com:80/	AIQ6H7BIQYWR4YIAX7QISO36DIGUKZP3	shots/teamwiess/20060702143929.png	https://web.archive.org/web/20060702143929/http://www.teamwiess.com:80/
teamwiess	20060702193958	http://www.teamwiess.com:80/	QDXNOSO5DXJA4TWLXLGEVCRRIEITQD2U	shots/teamwiess/20060702193958.png	https://web.archive.org/web/20060702193958/http://www.teamwiess.com:80/
teamwiess	20060709032137	http://www.teamwiess.com:80/	RHUL4ZBK5TMW3CEKBCI7XSPBJNUUHKO4	shots/teamwiess/20060709032137.png	https://web.archive.org/web/20060709032137/http://www.teamwiess.com:80/
teamwiess	20060803084817	http://teamwiess.com:80/	6HUDOZYNMWWNMVHVQ5LYLVHEJZIPBLGR	shots/teamwiess/20060803084817.png	https://web.archive.org/web/20060803084817/http://teamwiess.com:80/
teamwiess	20060807193546	http://www.teamwiess.com:80/	AT2HZBZPHZDZIOOUOYUSLQNT2AKEYMSS	shots/teamwiess/20060807193546.png	https://web.archive.org/web/20060807193546/http://www.teamwiess.com:80/
teamwiess	20060808010644	http://www.teamwiess.com:80/	PZU452MBHALAPSC5NNNEZ2WB2RA46WXW	shots/teamwiess/20060808010644.png	https://web.archive.org/web/20060808010644/http://www.teamwiess.com:80/
teamwiess	20060808073350	http://www.teamwiess.com:80/	VHS2CQNRRPR7655TF53YYI4W7NV7LSV5	shots/teamwiess/20060808073350.png	https://web.archive.org/web/20060808073350/http://www.teamwiess.com:80/
teamwiess	20060808183022	http://www.teamwiess.com:80/	S3GD3QRIXXYM5EPOD4E4W3ONTQRBL5ST	shots/teamwiess/20060808183022.png	https://web.archive.org/web/20060808183022/http://www.teamwiess.com:80/
teamwiess	20060830001321	http://www.teamwiess.com:80/	Y37YAGUZZU3MH6VNZZI34VHFRPCMLUF3	shots/teamwiess/20060830001321.png	https://web.archive.org/web/20060830001321/http://www.teamwiess.com:80/
teamwiess	20060910103208	http://www.teamwiess.com:80/	7UVQO2WC5NR3OIXX4YFDYZIM764RHY4K	shots/teamwiess/20060910103208.png	https://web.archive.org/web/20060910103208/http://www.teamwiess.com:80/
teamwiess	20060910220855	http://www.teamwiess.com:80/	Y3TEORBIUVMWQR6W65ARSE6E35QDVODE	shots/teamwiess/20060910220855.png	https://web.archive.org/web/20060910220855/http://www.teamwiess.com:80/
teamwiess	20061017162243	http://www.teamwiess.com:80/	SDSSMP2UCXZRYN3K7Z54NX6AY3G7PJQ6	shots/teamwiess/20061017162243.png	https://web.archive.org/web/20061017162243/http://www.teamwiess.com:80/
teamwiess	20070108120231	http://www.teamwiess.com:80/	RNAFLBJCNORLWPJ5MXU7S362NAKA27OF	shots/teamwiess/20070108120231.png	https://web.archive.org/web/20070108120231/http://www.teamwiess.com:80/
teamwiess	20070113092603	http://www.teamwiess.com:80/	XT74MHENLWPC3P3LCH2AG2N3OTBGPUGG	shots/teamwiess/20070113092603.png	https://web.archive.org/web/20070113092603/http://www.teamwiess.com:80/
teamwiess	20070118161255	http://www.teamwiess.com:80/	5FGDJHKL5VAK2QRPA6ZOWPECXFX7Q3LU	shots/teamwiess/20070118161255.png	https://web.archive.org/web/20070118161255/http://www.teamwiess.com:80/
teamwiess	20070124000641	http://www.teamwiess.com:80/	ZFBJAHZ6NZYIA6N3C2GLRUY4EL6IBOEV	shots/teamwiess/20070124000641.png	https://web.archive.org/web/20070124000641/http://www.teamwiess.com:80/
teamwiess	20070128230214	http://www.teamwiess.com:80/	2VGAAPCNPXHR2743VB6RPB6LKSGAYEDA	shots/teamwiess/20070128230214.png	https://web.archive.org/web/20070128230214/http://www.teamwiess.com:80/
teamwiess	20070203163422	http://www.teamwiess.com:80/	RSDA7OQAHIN6S6OFAXU4FTGRLDSEUIQD	shots/teamwiess/20070203163422.png	https://web.archive.org/web/20070203163422/http://www.teamwiess.com:80/
teamwiess	20070405124738	http://www.teamwiess.com:80/	JSESBRB4KI4JMCYL32RMBCK7XNNBLIZ6	shots/teamwiess/20070405124738.png	https://web.archive.org/web/20070405124738/http://www.teamwiess.com:80/
teamwiess	20070501021634	http://www.teamwiess.com:80/	RB6TSJPMJSCYAUUKVX7PLS5HZBCAWYY3	shots/teamwiess/20070501021634.png	https://web.archive.org/web/20070501021634/http://www.teamwiess.com:80/
teamwiess	20070531114819	http://www.teamwiess.com:80/	WBSIM5JUQNRD3GBWSUUD3KVRZBBVZEDW	shots/teamwiess/20070531114819.png	https://web.archive.org/web/20070531114819/http://www.teamwiess.com:80/
teamwiess	20070625103656	http://www.teamwiess.com:80/	URRISW35BB5JYZ4H56UY5IRCR5GDBWOM	shots/teamwiess/20070625103656.png	https://web.archive.org/web/20070625103656/http://www.teamwiess.com:80/
teamwiess	20070701084114	http://www.teamwiess.com:80/	NIP2WFNY5XT5QPTQUWJZBLUSDMRVXKI5	shots/teamwiess/20070701084114.png	https://web.archive.org/web/20070701084114/http://www.teamwiess.com:80/
teamwiess	20070709182839	http://teamwiess.com/	DUTH52HKFMMKNXJD3X7WBAWPYOWZGLOB	shots/teamwiess/20070709182839.png	https://web.archive.org/web/20070709182839/http://teamwiess.com/
teamwiess	20070716182914	http://teamwiess.com/	RGUA3H66R5RRJ6DX65BCVIGFVCNFM7SO	shots/teamwiess/20070716182914.png	https://web.archive.org/web/20070716182914/http://teamwiess.com/
teamwiess	20070723182916	http://teamwiess.com/	SWSB5YWBTF5RH32F4WQRYQWLTRCZAVK7	shots/teamwiess/20070723182916.png	https://web.archive.org/web/20070723182916/http://teamwiess.com/
teamwiess	20070725184639	http://teamwiess.com/	AFLXE3DSVSBWGFTGMKHVVU54T5CTXDDV	shots/teamwiess/20070725184639.png	https://web.archive.org/web/20070725184639/http://teamwiess.com/
teamwiess	20070801184704	http://teamwiess.com/	RHXAMOK53G7BQ5MH5WAKGPNLEM3REVWV	shots/teamwiess/20070801184704.png	https://web.archive.org/web/20070801184704/http://teamwiess.com/
teamwiess	20070808184710	http://teamwiess.com/	3JNI7LIUSJ4S7Q7VH3SED7E65Y5OIM4U	shots/teamwiess/20070808184710.png	https://web.archive.org/web/20070808184710/http://teamwiess.com/
teamwiess	20070822184738	http://teamwiess.com/	3F7D6JK4QMWSTSGNKJ2HM67R53CSU55V	shots/teamwiess/20070822184738.png	https://web.archive.org/web/20070822184738/http://teamwiess.com/
teamwiess	20070829184744	http://teamwiess.com/	COFFHIV5FEA2VIC2SFXEBU7GHJRPLQQ3	shots/teamwiess/20070829184744.png	https://web.archive.org/web/20070829184744/http://teamwiess.com/
teamwiess	20070905184748	http://teamwiess.com/	3TPCCK235D7GWK7NXFW7RS6VX34OJKCI	shots/teamwiess/20070905184748.png	https://web.archive.org/web/20070905184748/http://teamwiess.com/
teamwiess	20071118104513	http://www.teamwiess.com:80/	S5QAMHNMMVLE3SBT4FTX4ATRDCSXWBQL	shots/teamwiess/20071118104513.png	https://web.archive.org/web/20071118104513/http://www.teamwiess.com:80/
teamwiess	20080625214626	http://teamwiess.com/	KZOTVFRI4L4BY5E62L5U5N73HFW2RNOX	shots/teamwiess/20080625214626.png	https://web.archive.org/web/20080625214626/http://teamwiess.com/
teamwiess	20080702214633	http://teamwiess.com/	EFREPI7MWCEA3HERUC2ASFCFBKHMVLKK	shots/teamwiess/20080702214633.png	https://web.archive.org/web/20080702214633/http://teamwiess.com/
teamwiess	20080709214721	http://teamwiess.com/	4NW5AULQLHBBIKSIA4KTPAZIXBJTHFGY	shots/teamwiess/20080709214721.png	https://web.archive.org/web/20080709214721/http://teamwiess.com/
teamwiess	20080716214718	http://teamwiess.com/	UQVIOETI3ALM5BN6I46HZG6GGGJ3FMZ3	shots/teamwiess/20080716214718.png	https://web.archive.org/web/20080716214718/http://teamwiess.com/
teamwiess	20080730214732	http://teamwiess.com/	USRUWBK76PCNPS6YTIOOFMGPIWPOWKPX	shots/teamwiess/20080730214732.png	https://web.archive.org/web/20080730214732/http://teamwiess.com/
teamwiess	20080820212014	http://teamwiess.com/	ITBFYGKMTU33VQP6KM5ZLFWOX2ANAFJY	shots/teamwiess/20080820212014.png	https://web.archive.org/web/20080820212014/http://teamwiess.com/
teamwiess	20080903215404	http://teamwiess.com/	DCUTBPFJS7Y5QBSR2NILXBX23GQZCQD6	shots/teamwiess/20080903215404.png	https://web.archive.org/web/20080903215404/http://teamwiess.com/
teamwiess	20090720065010	http://www.teamwiess.com:80/	B7PEOBI56RSKGN4CICIJW56HK3YZOTRU	shots/teamwiess/20090720065010.png	https://web.archive.org/web/20090720065010/http://www.teamwiess.com:80/
teamwiess	20090827015951	http://teamwiess.com/	5WM5PWLL2QI3PCXLUU45RSCBF4Z5X3UC	shots/teamwiess/20090827015951.png	https://web.archive.org/web/20090827015951/http://teamwiess.com/
teamwiess	20090903015942	http://teamwiess.com/	DEAXV7P7UDYDMWIJ2FLIREMHSAEBW4JL	shots/teamwiess/20090903015942.png	https://web.archive.org/web/20090903015942/http://teamwiess.com/
teamwiess	20090910020038	http://teamwiess.com/	NK67IWXMUIV4Z662AIUEUBSYHW742N65	shots/teamwiess/20090910020038.png	https://web.archive.org/web/20090910020038/http://teamwiess.com/
teamwiess	20090917015959	http://teamwiess.com/	FLGTS5AC2KHGW6TQV2ZKBQOXJ3LLU6BD	shots/teamwiess/20090917015959.png	https://web.archive.org/web/20090917015959/http://teamwiess.com/
teamwiess	20100722020237	http://teamwiess.com/	SUXDS57UDAI63I5QNIAGOUSAQ2KSSQWY	shots/teamwiess/20100722020237.png	https://web.archive.org/web/20100722020237/http://teamwiess.com/
teamwiess	20100826015901	http://teamwiess.com/	VXC6XBYH6N3Z52POJUOMKRVI5SPXYYKA	shots/teamwiess/20100826015901.png	https://web.archive.org/web/20100826015901/http://teamwiess.com/
teamwiess	20110617224844	http://teamwiess.com/	GP4LRALXMQBRZVWNMOGIWP72AUCTCHHZ	shots/teamwiess/20110617224844.png	https://web.archive.org/web/20110617224844/http://teamwiess.com/
teamwiess	20110722153007	http://www.teamwiess.com/	4X333PW274CVHBBRJAYRIIOC7PPVLISP	shots/teamwiess/20110722153007.png	https://web.archive.org/web/20110722153007/http://www.teamwiess.com/
teamwiess	20110729230809	http://teamwiess.com/	CJWWS7DCD3LR3AU7YJMF76KTHAQPISAD	shots/teamwiess/20110729230809.png	https://web.archive.org/web/20110729230809/http://teamwiess.com/
teamwiess	20110805225039	http://teamwiess.com/	MAU7LNMMGG6RNAIF7C2MUTVJ54X26LWI	shots/teamwiess/20110805225039.png	https://web.archive.org/web/20110805225039/http://teamwiess.com/
teamwiess	20110812225345	http://teamwiess.com/	N76KKIWGUM5PPKBWEB64ZKC2I5ROMFIP	shots/teamwiess/20110812225345.png	https://web.archive.org/web/20110812225345/http://teamwiess.com/
teamwiess	20110819231900	http://teamwiess.com/	CMVRBQXOU3ZE7ZXZHAC5VDGMRFMGVHSB	shots/teamwiess/20110819231900.png	https://web.archive.org/web/20110819231900/http://teamwiess.com/
teamwiess	20110826225303	http://teamwiess.com/	YVOVEQ6KNKOJLWGEDVM3WB6X36EHUAZR	shots/teamwiess/20110826225303.png	https://web.archive.org/web/20110826225303/http://teamwiess.com/
teamwiess	20110916225015	http://teamwiess.com/	ZKTU6KBPRGZNJKSQSW4YBP4GXMBEI66Q	shots/teamwiess/20110916225015.png	https://web.archive.org/web/20110916225015/http://teamwiess.com/
teamwiess	20110923225051	http://teamwiess.com/	H6KPEMHVTWO7ME6C3EUSBKKPSUKW4G3H	shots/teamwiess/20110923225051.png	https://web.archive.org/web/20110923225051/http://teamwiess.com/
teamwiess	20110930191428	http://www.teamwiess.com/	O762B4HVPB257RMOKKP26Y4BPENEBQX4	shots/teamwiess/20110930191428.png	https://web.archive.org/web/20110930191428/http://www.teamwiess.com/
teamwiess	20110930233600	http://teamwiess.com/	4HGI5WNW4CM5BSDWHMGNGP6B2NIKPXP6	shots/teamwiess/20110930233600.png	https://web.archive.org/web/20110930233600/http://teamwiess.com/
teamwiess	20111014224937	http://teamwiess.com/	6KVORVPBDGVFTOH4SBQFOVBQHO2QTWAI	shots/teamwiess/20111014224937.png	https://web.archive.org/web/20111014224937/http://teamwiess.com/
teamwiess	20111125225313	http://teamwiess.com/	CMNLD2R4G7GVEGOVMNF2IDZORFMEWXC3	shots/teamwiess/20111125225313.png	https://web.archive.org/web/20111125225313/http://teamwiess.com/
teamwiess	20120113230832	http://teamwiess.com/	6BE3FGNNAUG6OLQ5OSOGZVOLLPDX75RZ	shots/teamwiess/20120113230832.png	https://web.archive.org/web/20120113230832/http://teamwiess.com/
teamwiess	20120810225611	http://teamwiess.com/	FP32YYL5YLM3SARHGJ3MN7BZFMIICK4D	shots/teamwiess/20120810225611.png	https://web.archive.org/web/20120810225611/http://teamwiess.com/
teamwiess	20120914230510	http://teamwiess.com/	UGCWTB6NE7JACRDLNKOGXXGYC3NGROOK	shots/teamwiess/20120914230510.png	https://web.archive.org/web/20120914230510/http://teamwiess.com/
teamwiess	20120921225144	http://teamwiess.com/	3U3KHIRMRJUZ47YJYGBFBAM3AUUTETO2	shots/teamwiess/20120921225144.png	https://web.archive.org/web/20120921225144/http://teamwiess.com/
teamwiess	20120928053914	http://www.teamwiess.com:80/	N2F2QKOTP7AK7UHNRGDGPXUAEN2PNT5H	shots/teamwiess/20120928053914.png	https://web.archive.org/web/20120928053914/http://www.teamwiess.com:80/
teamwiess	20130802224521	http://teamwiess.com/	ELBTIVIHH7BMWO447BIQDNRBG5T7NXHG	shots/teamwiess/20130802224521.png	https://web.archive.org/web/20130802224521/http://teamwiess.com/
teamwiess	20140627224504	http://teamwiess.com/	VDZKFFO76LFBF3KSBXL7VIS5OHIFT63Y	shots/teamwiess/20140627224504.png	https://web.archive.org/web/20140627224504/http://teamwiess.com/
teamwiess	20140704224517	http://teamwiess.com/	36DLOKVWRAFE4UZBNJIMKETS6XZDJMGZ	shots/teamwiess/20140704224517.png	https://web.archive.org/web/20140704224517/http://teamwiess.com/
teamwiess	20140711230030	http://teamwiess.com/	76WW7AGQQFGZQOSMVHAYTODGQ2DOSWED	shots/teamwiess/20140711230030.png	https://web.archive.org/web/20140711230030/http://teamwiess.com/
teamwiess	20140719005605	http://teamwiess.com/	IQN3YJ3LTKXLZQ2QY27CDFRDGW2CHKNM	shots/teamwiess/20140719005605.png	https://web.archive.org/web/20140719005605/http://teamwiess.com/
teamwiess	20140829224503	http://teamwiess.com/	YCGGUFYPC2UN5VRDA43E2AJTXC6X3XB2	shots/teamwiess/20140829224503.png	https://web.archive.org/web/20140829224503/http://teamwiess.com/
teamwiess	20140905224512	http://teamwiess.com/	RE4V7VSRABVIBGLN27V7IEFPRK2SOVSI	shots/teamwiess/20140905224512.png	https://web.archive.org/web/20140905224512/http://teamwiess.com/
teamwiess	20140919224639	http://teamwiess.com/	6Y6OKZGIPISYI73JPZGG7IWKEUZFGTIT	shots/teamwiess/20140919224639.png	https://web.archive.org/web/20140919224639/http://teamwiess.com/
teamwiess	20150116224538	http://teamwiess.com/	3CLRPUB7AYK6K2VRQKUMCEULJIPRG4SK	shots/teamwiess/20150116224538.png	https://web.archive.org/web/20150116224538/http://teamwiess.com/
teamwiess	20150313224534	http://teamwiess.com/	WJJH472RV4RA6SFS6I3AIIVJXJT5LKVD	shots/teamwiess/20150313224534.png	https://web.archive.org/web/20150313224534/http://teamwiess.com/
teamwiess	20150424233221	http://teamwiess.com/	JZLRZFGA2WT6KNCAZXWQQF2RPJ7ZIVL3	shots/teamwiess/20150424233221.png	https://web.archive.org/web/20150424233221/http://teamwiess.com/
teamwiess	20150612225419	http://teamwiess.com/	BQNCAJQLP3AKVZLDQ66B2KDMD4AP4DUN	shots/teamwiess/20150612225419.png	https://web.archive.org/web/20150612225419/http://teamwiess.com/
teamwiess	20150619225141	http://teamwiess.com/	FYSOBSS5PLE4ZPOTNLVGPEEN5K3UG6DN	shots/teamwiess/20150619225141.png	https://web.archive.org/web/20150619225141/http://teamwiess.com/
teamwiess	20150710230739	http://teamwiess.com/	DTRZUKFHYSIH2ZIRC3IJQB5FWHUB5ZTG	shots/teamwiess/20150710230739.png	https://web.archive.org/web/20150710230739/http://teamwiess.com/
teamwiess	20151017085931	http://teamwiess.com:80/	CA4MQ5USNAQFCPEK7UWAJNWC44SABJKO	shots/teamwiess/20151017085931.png	https://web.archive.org/web/20151017085931/http://teamwiess.com:80/
teamwiess	20151106235410	http://teamwiess.com/	ZXPS5OF2LLNBPUBH4TKTFDS4OIANNEWM	shots/teamwiess/20151106235410.png	https://web.archive.org/web/20151106235410/http://teamwiess.com/
teamwiess	20151211224509	http://teamwiess.com/	G7AZSB2B6DKXJH74JDHXRQPM2GB5BYK6	shots/teamwiess/20151211224509.png	https://web.archive.org/web/20151211224509/http://teamwiess.com/
teamwiess	20160505050326	http://www.teamwiess.com:80/	AZQFK6COBN3NXMDLMUIZV5YY5IHFA6ZJ	shots/teamwiess/20160505050326.png	https://web.archive.org/web/20160505050326/http://www.teamwiess.com:80/
teamwiess	20160527224510	http://teamwiess.com/	5VK2UUY6FKFJM3ZCNSTE2RRQN5VUUNNR	shots/teamwiess/20160527224510.png	https://web.archive.org/web/20160527224510/http://teamwiess.com/
teamwiess	20170217185920	http://www.teamwiess.com/	TMHW3PH7KDT534KSVJMNB5ODZNOZJLLP	shots/teamwiess/20170217185920.png	https://web.archive.org/web/20170217185920/http://www.teamwiess.com/
teamwiess	20170331224513	http://teamwiess.com/	A5JMPARHXBTJJ6FEGH64XDS73HUYORJD	shots/teamwiess/20170331224513.png	https://web.archive.org/web/20170331224513/http://teamwiess.com/
teamwiess	20170407230619	http://teamwiess.com/	XVIE5BM6RBTMQ377NBV3DD5QKE6LGM5N	shots/teamwiess/20170407230619.png	https://web.archive.org/web/20170407230619/http://teamwiess.com/
teamwiess	20170421224520	http://teamwiess.com/	V7DT7GIYWSWDXCWCUD2NAXU7LSP425DF	shots/teamwiess/20170421224520.png	https://web.archive.org/web/20170421224520/http://teamwiess.com/
teamwiess	20170428224515	http://teamwiess.com/	SZSV72YQLCX4IIONU5WMGHPRQYJPMGFL	shots/teamwiess/20170428224515.png	https://web.archive.org/web/20170428224515/http://teamwiess.com/
teamwiess	20170515213106	http://teamwiess.com/	D4DZSPP35OOXTXA5UO7P7WAZ7ASNMYKH	shots/teamwiess/20170515213106.png	https://web.archive.org/web/20170515213106/http://teamwiess.com/
teamwiess	20170602035115	http://www.teamwiess.com:80/	6HUKOBLRZGXWAAY2TXA5HTMRDIUY4UJE	shots/teamwiess/20170602035115.png	https://web.archive.org/web/20170602035115/http://www.teamwiess.com:80/
teamwiess	20170609224536	http://teamwiess.com/	U2Y2YULFQA6DJ7NNQ6IIKLGQHVZWCA3Z	shots/teamwiess/20170609224536.png	https://web.archive.org/web/20170609224536/http://teamwiess.com/
teamwiess	20170616224525	http://teamwiess.com/	D5WGRL2BZBFGKR7HM4BFQUZ453TH26ZU	shots/teamwiess/20170616224525.png	https://web.archive.org/web/20170616224525/http://teamwiess.com/
teamwiess	20170627122454	http://www.teamwiess.com/	XNYRNH7WUTHGQTNY232GJLSN47BFY76N	shots/teamwiess/20170627122454.png	https://web.archive.org/web/20170627122454/http://www.teamwiess.com/
teamwiess	20170706180603	http://www.teamwiess.com:80/	VTIEJD32L474CRRSAYELMIYMMAB56P4R	shots/teamwiess/20170706180603.png	https://web.archive.org/web/20170706180603/http://www.teamwiess.com:80/
teamwiess	20170707224526	http://teamwiess.com/	B6FYBK3IQOFXKVFBJBHU2MWAZXFAHRUY	shots/teamwiess/20170707224526.png	https://web.archive.org/web/20170707224526/http://teamwiess.com/
teamwiess	20170710220157	http://www.teamwiess.com:80/	MEMOHACUUQ2WTNDWNCCXJXRV7E72N4R4	shots/teamwiess/20170710220157.png	https://web.archive.org/web/20170710220157/http://www.teamwiess.com:80/
teamwiess	20170720074223	http://www.teamwiess.com/	VCPDNYV5D7R6TKSR6QXOHWCTTMXZOAKK	shots/teamwiess/20170720074223.png	https://web.archive.org/web/20170720074223/http://www.teamwiess.com/
teamwiess	20170810132028	http://www.teamwiess.com:80/	3RQYHPBH7C6TZ5HHTDUFLBHZLUHR4G4O	shots/teamwiess/20170810132028.png	https://web.archive.org/web/20170810132028/http://www.teamwiess.com:80/
teamwiess	20170825224547	http://teamwiess.com/	YM5VVH4O4ANLC6M4LJW4OLTR2NLJQ4GG	shots/teamwiess/20170825224547.png	https://web.archive.org/web/20170825224547/http://teamwiess.com/
teamwiess	20170908224532	http://teamwiess.com/	7JKODK3QEIBK7POF4AZ4BYXQEOUW676K	shots/teamwiess/20170908224532.png	https://web.archive.org/web/20170908224532/http://teamwiess.com/
teamwiess	20170910215941	http://www.teamwiess.com:80/	PY67I2EW47SWJY35HBCZK3Y545P37SV7	shots/teamwiess/20170910215941.png	https://web.archive.org/web/20170910215941/http://www.teamwiess.com:80/
teamwiess	20171117233930	http://teamwiess.com/	YD6FBEWODPRA574MVRMTUNGZMBB3AQL4	shots/teamwiess/20171117233930.png	https://web.archive.org/web/20171117233930/http://teamwiess.com/
teamwiess	20180118225553	http://teamwiess.com:80/	4S3H54JPTW54CIWOUFFCNROEPWR3OPFJ	shots/teamwiess/20180118225553.png	https://web.archive.org/web/20180118225553/http://teamwiess.com:80/
teamwiess	20180126224518	http://teamwiess.com/	HVDK6QTHQGXVEP2QMBTNGFPYRNJ7VR5D	shots/teamwiess/20180126224518.png	https://web.archive.org/web/20180126224518/http://teamwiess.com/
teamwiess	20180223224508	http://teamwiess.com/	LSHYHG6C4UZNCIGBOWIZT6GDDL3245EO	shots/teamwiess/20180223224508.png	https://web.archive.org/web/20180223224508/http://teamwiess.com/
teamwiess	20180309224605	http://teamwiess.com/	334W2GH6T4ZR3MVGQPCU4EOTHVXHJ2XB	shots/teamwiess/20180309224605.png	https://web.archive.org/web/20180309224605/http://teamwiess.com/
teamwiess	20180322172948	http://teamwiess.com/	WZSMU73JGESKGW3MGHSIM2VQGL7IZVV3	shots/teamwiess/20180322172948.png	https://web.archive.org/web/20180322172948/http://teamwiess.com/
teamwiess	20180824224533	http://teamwiess.com/	3DL6CM4JZG43TXY6PE5QTEISLSAQM4GV	shots/teamwiess/20180824224533.png	https://web.archive.org/web/20180824224533/http://teamwiess.com/
teamwiess	20180907224526	http://teamwiess.com/	R4XFJSC7ELV27YZYZ7RDU2OMLTYLLA2F	shots/teamwiess/20180907224526.png	https://web.archive.org/web/20180907224526/http://teamwiess.com/
teamwiess	20180921224557	http://teamwiess.com/	YBK7SZPALMYPLHWQFTEVE67TKQJVNQZK	shots/teamwiess/20180921224557.png	https://web.archive.org/web/20180921224557/http://teamwiess.com/
teamwiess	20181031082907	http://www.teamwiess.com:80/	QTYTXSNNZS5V5UAOUJ5SX6CCL7LWGL4H	shots/teamwiess/20181031082907.png	https://web.archive.org/web/20181031082907/http://www.teamwiess.com:80/
teamwiess	20181102224621	http://teamwiess.com/	3BU5L336XMY7HLOZOHGAVRCXQGEG532W	shots/teamwiess/20181102224621.png	https://web.archive.org/web/20181102224621/http://teamwiess.com/
teamwiess	20190830224509	http://teamwiess.com/	B3ST7ZTPY2UYD5QFZTDNXTODL67KLFGP	shots/teamwiess/20190830224509.png	https://web.archive.org/web/20190830224509/http://teamwiess.com/
teamwiess	20190917024855	http://www.teamwiess.com:80/	VITFH3Z2ZVZ27D5UFPRJPUR3TAOLMR2I	shots/teamwiess/20190917024855.png	https://web.archive.org/web/20190917024855/http://www.teamwiess.com:80/
teamwiess	20191011224512	http://teamwiess.com/	IXUGKGTJJ4JS7K76SDS3GYTXELG4RHSV	shots/teamwiess/20191011224512.png	https://web.archive.org/web/20191011224512/http://teamwiess.com/
teamwiess	20191011224516	http://teamwiess.com/	BPLKPXVIFM2ZAHV3VC6AVFNCRWA3LQV5	shots/teamwiess/20191011224516.png	https://web.archive.org/web/20191011224516/http://teamwiess.com/
teamwiess	20191108224517	http://teamwiess.com/	GZ5PHS6G5OEL3HAXLH7B3IYXJCJYYYPL	shots/teamwiess/20191108224517.png	https://web.archive.org/web/20191108224517/http://teamwiess.com/
teamwiess	20191108224522	http://teamwiess.com/	GARHNJ7KK2ANPAKAJ5EQCRYLM2HTYLYD	shots/teamwiess/20191108224522.png	https://web.archive.org/web/20191108224522/http://teamwiess.com/
teamwiess	20200215013644	http://teamwiess.com/	KJCPYQT2J2G3QBNGJ32Z2B5XXS2SA3VV	shots/teamwiess/20200215013644.png	https://web.archive.org/web/20200215013644/http://teamwiess.com/
teamwiess	20200215013752	http://teamwiess.com/	DSI46W64OVH4SLZQFREF4XWRSA4BK7XO	shots/teamwiess/20200215013752.png	https://web.archive.org/web/20200215013752/http://teamwiess.com/
teamwiess	20200529224701	http://teamwiess.com/	LI3XQEOBUONP6B7QXMYCIR4DAVPDMWRB	shots/teamwiess/20200529224701.png	https://web.archive.org/web/20200529224701/http://teamwiess.com/
teamwiess	20200605224513	http://teamwiess.com/	PBIL2XT35IUAXRXLTZPULGVWUTM67SVN	shots/teamwiess/20200605224513.png	https://web.archive.org/web/20200605224513/http://teamwiess.com/
teamwiess	20200620010559	http://teamwiess.com/	3L37NNUPYVSR4AQ5TCUZHMGBIUIUWWUY	shots/teamwiess/20200620010559.png	https://web.archive.org/web/20200620010559/http://teamwiess.com/
teamwiess	20200627000449	http://teamwiess.com/	BSAI4XWCKBAIH2NJ6JLEWN5M5ENR45ZL	shots/teamwiess/20200627000449.png	https://web.archive.org/web/20200627000449/http://teamwiess.com/
teamwiess	20200703224605	http://teamwiess.com/	DPYUOOTPVJSDEKZWSMVGKTUOX3AOPOYA	shots/teamwiess/20200703224605.png	https://web.archive.org/web/20200703224605/http://teamwiess.com/
teamwiess	20200814224510	http://teamwiess.com/	X7SLZT5A2Y3U5FMVJJLU2MUH7RIEKHN6	shots/teamwiess/20200814224510.png	https://web.archive.org/web/20200814224510/http://teamwiess.com/
teamwiess	20200821224506	http://teamwiess.com/	TQOB4O266T7CHFXPBGKILSEBKEA2SXCW	shots/teamwiess/20200821224506.png	https://web.archive.org/web/20200821224506/http://teamwiess.com/
teamwiess	20200828224534	http://teamwiess.com/	ZGM3GVESA342BMCPIYRF5SU4ZGZGA2VE	shots/teamwiess/20200828224534.png	https://web.archive.org/web/20200828224534/http://teamwiess.com/
teamwiess	20200911224920	http://teamwiess.com/	RO2CO553C4OTJIBXX2NZRRCXBTBCYF6H	shots/teamwiess/20200911224920.png	https://web.archive.org/web/20200911224920/http://teamwiess.com/
teamwiess	20200918224837	http://teamwiess.com/	PC7UFQG25PMIOB67KI4CA765TALQKHX2	shots/teamwiess/20200918224837.png	https://web.archive.org/web/20200918224837/http://teamwiess.com/
teamwiess	20201002230949	http://teamwiess.com/	AKUL2L2EEFVPABKKDJQ5XADTJ5R5OXY4	shots/teamwiess/20201002230949.png	https://web.archive.org/web/20201002230949/http://teamwiess.com/
teamwiess	20201009224524	http://teamwiess.com/	HKKZISX53LEXVM7BGXWOR5KBQ53IMNQE	shots/teamwiess/20201009224524.png	https://web.archive.org/web/20201009224524/http://teamwiess.com/
teamwiess	20201023224604	http://teamwiess.com/	UYCYOG2RVCY2UMGE66MTTUCS5HNMRFS6	shots/teamwiess/20201023224604.png	https://web.archive.org/web/20201023224604/http://teamwiess.com/
teamwiess	20210319224550	http://teamwiess.com/	WOCRGCNBWCD5CGK6RUFTJSREI6I3I25R	shots/teamwiess/20210319224550.png	https://web.archive.org/web/20210319224550/http://teamwiess.com/
teamwiess	20210409224517	http://teamwiess.com/	POEWQHGWZMGNDE34WV2UWP45WXMVYVTT	shots/teamwiess/20210409224517.png	https://web.archive.org/web/20210409224517/http://teamwiess.com/
teamwiess	20210430224540	http://teamwiess.com/	TCS4TDH4XOORAPOXCKGWIWSOQEKLDQBR	shots/teamwiess/20210430224540.png	https://web.archive.org/web/20210430224540/http://teamwiess.com/
teamwiess	20210806224606	http://teamwiess.com/	T3MKRZXWTJQR6PP2XNWFTVLR6OSMFKXC	shots/teamwiess/20210806224606.png	https://web.archive.org/web/20210806224606/http://teamwiess.com/
teamwiess	20210924224543	http://teamwiess.com/	XGZET2Q4VSAAWJRIPFPQ5ZCA7ZYC6BG2	shots/teamwiess/20210924224543.png	https://web.archive.org/web/20210924224543/http://teamwiess.com/
teamwiess	20211112224609	http://teamwiess.com/	QC67VFTMKNK7KWVNA6AJ2DEDPSEY5UM7	shots/teamwiess/20211112224609.png	https://web.archive.org/web/20211112224609/http://teamwiess.com/
teamwiess	20220114224757	http://teamwiess.com/	WCNGNCUICISCNREQB6RS3DNCYOHS46PX	shots/teamwiess/20220114224757.png	https://web.archive.org/web/20220114224757/http://teamwiess.com/
teamwiess	20220311224529	http://teamwiess.com/	WO6FI3675SYC3JQSHQZ2KBO55I7P3PLY	shots/teamwiess/20220311224529.png	https://web.archive.org/web/20220311224529/http://teamwiess.com/
teamwiess	20220714220141	https://teamwiess.com/	YQGTO3JLDO5W4O2JVB52UOVLIKA33QRJ	shots/teamwiess/20220714220141.png	https://web.archive.org/web/20220714220141/https://teamwiess.com/
teamwiess	20220826224516	http://teamwiess.com/	U46C7XUO2YLRGW7O2HMT3ZPU5HBD5XMN	shots/teamwiess/20220826224516.png	https://web.archive.org/web/20220826224516/http://teamwiess.com/
teamwiess	20230113224513	http://teamwiess.com/	E2HNMHA7YMYPAJ2XKWWP5VXNDTBZBXOT	shots/teamwiess/20230113224513.png	https://web.archive.org/web/20230113224513/http://teamwiess.com/
teamwiess	20230421224530	http://teamwiess.com/	TKCIUVOXX3C23XM4IQU7LURAHBRTRQFF	shots/teamwiess/20230421224530.png	https://web.archive.org/web/20230421224530/http://teamwiess.com/
teamwiess	20230428224815	http://teamwiess.com/	6JL5AEDB4FXO34JPHKQ3AGFYB24QM2HB	shots/teamwiess/20230428224815.png	https://web.archive.org/web/20230428224815/http://teamwiess.com/
wiess_rice_edu	20141009085809	http://wiess.rice.edu:80/	T2GCYWC6F6TKHP4OM4JS6BHFSNTLFCPD	shots/wiess_rice_edu/20141009085809.png	https://web.archive.org/web/20141009085809/http://wiess.rice.edu:80/
wiess_rice_edu	20141230185259	http://wiess.rice.edu:80/	OTAHGOV4LBCKXODQGXBPYUMB4JIIGOP2	shots/wiess_rice_edu/20141230185259.png	https://web.archive.org/web/20141230185259/http://wiess.rice.edu:80/
wiess_rice_edu	20150305232111	http://wiess.rice.edu:80/	FAGOUOI436CDFJFJFO6WQC7FCLPALVDV	shots/wiess_rice_edu/20150305232111.png	https://web.archive.org/web/20150305232111/http://wiess.rice.edu:80/
wiess_rice_edu	20150516223602	http://wiess.rice.edu:80/	QLREGK2BS4VBK3PODLR6D62A6H3DT4LJ	shots/wiess_rice_edu/20150516223602.png	https://web.archive.org/web/20150516223602/http://wiess.rice.edu:80/
wiess_rice_edu	20230707225214	https://wiess.rice.edu/	5OCQZK3SCFYZFJFQE6PL7IEXJW42ZPSK	shots/wiess_rice_edu/20230707225214.png	https://web.archive.org/web/20230707225214/https://wiess.rice.edu/
wiess_rice_edu	20230901225931	https://wiess.rice.edu/	3S4G6E2WWTZD66VLFCG5HRWNTPS4BPOE	shots/wiess_rice_edu/20230901225931.png	https://web.archive.org/web/20230901225931/https://wiess.rice.edu/
wiess_rice_edu	20230908230130	https://wiess.rice.edu/	VR4OEZBRWGECGZP2ZDIZ6ZHCELPU3GZI	shots/wiess_rice_edu/20230908230130.png	https://web.archive.org/web/20230908230130/https://wiess.rice.edu/
wiess_rice_edu	20230929225325	https://wiess.rice.edu/	QXSTKRJT2IZBT35LJPYXUT7S56LTIHJY	shots/wiess_rice_edu/20230929225325.png	https://web.archive.org/web/20230929225325/https://wiess.rice.edu/
wiess_rice_edu	20231001025932	https://wiess.rice.edu/	7VIU6WECBRGD4G5SJO43CVQG3GB2L5J7	shots/wiess_rice_edu/20231001025932.png	https://web.archive.org/web/20231001025932/https://wiess.rice.edu/
wiess_rice_edu	20231006230531	https://wiess.rice.edu/	L5LIQC2MK6A7CXYJYYRMY2DJL6VXIBBJ	shots/wiess_rice_edu/20231006230531.png	https://web.archive.org/web/20231006230531/https://wiess.rice.edu/
wiess_rice_edu	20231103224509	https://wiess.rice.edu/	QGVV6DPXIR77LMEMZ765MUDXLQ6GOMYR	shots/wiess_rice_edu/20231103224509.png	https://web.archive.org/web/20231103224509/https://wiess.rice.edu/
wiess_rice_edu	20231201225741	https://wiess.rice.edu/	MYKFAGXEZVKIHHQFY6S5RG34YEHOFHA3	shots/wiess_rice_edu/20231201225741.png	https://web.archive.org/web/20231201225741/https://wiess.rice.edu/
wiess_rice_edu	20240103155934	https://wiess.rice.edu/	QACPMY77RDTJLZIEO7UIRWFFH7OXQUBI	shots/wiess_rice_edu/20240103155934.png	https://web.archive.org/web/20240103155934/https://wiess.rice.edu/
wiess_rice_edu	20240112230259	https://wiess.rice.edu/	IMM7MYZTGFHYIQFLQPQW2AZU6WGXTN6I	shots/wiess_rice_edu/20240112230259.png	https://web.archive.org/web/20240112230259/https://wiess.rice.edu/
wiess_rice_edu	20240119224512	https://wiess.rice.edu/	IMM3J6BM5LTRO6M5KBLF5WUSUQFW2CNR	shots/wiess_rice_edu/20240119224512.png	https://web.archive.org/web/20240119224512/https://wiess.rice.edu/
wiess_rice_edu	20240302000114	https://wiess.rice.edu/	XDTRMIQWVMJMS6E7QIALDZIJMDTTCNJH	shots/wiess_rice_edu/20240302000114.png	https://web.archive.org/web/20240302000114/https://wiess.rice.edu/
wiess_rice_edu	20240315230529	https://wiess.rice.edu/	CMHYBAEYYGSYFDKRESO52DAB2S737DG3	shots/wiess_rice_edu/20240315230529.png	https://web.archive.org/web/20240315230529/https://wiess.rice.edu/
wiess_rice_edu	20240625181857	https://wiess.rice.edu/	WHX5JGYXTMLH332ULPT44V5JYLV266X2	shots/wiess_rice_edu/20240625181857.png	https://web.archive.org/web/20240625181857/https://wiess.rice.edu/
wiess_rice_edu	20240705224740	https://wiess.rice.edu/	XGLUB2AQBSVVL7QV2RA5YYR4DWZVHAMR	shots/wiess_rice_edu/20240705224740.png	https://web.archive.org/web/20240705224740/https://wiess.rice.edu/
wiess_rice_edu	20240712224541	https://wiess.rice.edu/	WPG2SHRFZTAX2VWA3R2Q5WLYUJMVJK2C	shots/wiess_rice_edu/20240712224541.png	https://web.archive.org/web/20240712224541/https://wiess.rice.edu/
wiess_rice_edu	20240718231355	https://wiess.rice.edu/	677POC7FWIIHDLCD53SIKJJLNZJPIUE5	shots/wiess_rice_edu/20240718231355.png	https://web.archive.org/web/20240718231355/https://wiess.rice.edu/
wiess_rice_edu	20240719230431	https://wiess.rice.edu/	BZGLJM2T4RROIPI5R6WXPPYY5KNOLJPZ	shots/wiess_rice_edu/20240719230431.png	https://web.archive.org/web/20240719230431/https://wiess.rice.edu/
wiess_rice_edu	20240726224504	https://wiess.rice.edu/	CJ7PBDIU7WOMJSFP5HID7SV7GHJNVQ2L	shots/wiess_rice_edu/20240726224504.png	https://web.archive.org/web/20240726224504/https://wiess.rice.edu/
wiess_rice_edu	20240823230251	https://wiess.rice.edu/	UQJK2XSPUU3K5E6BZXYR56CV53S4MG7G	shots/wiess_rice_edu/20240823230251.png	https://web.archive.org/web/20240823230251/https://wiess.rice.edu/
wiess_rice_edu	20240830224534	https://wiess.rice.edu/	LIXYN6AODE3YWEVNQ6U37E2N242QLQF6	shots/wiess_rice_edu/20240830224534.png	https://web.archive.org/web/20240830224534/https://wiess.rice.edu/
wiess_rice_edu	20240920224510	https://wiess.rice.edu/	BSKCFUUSDPMRIQ7ZNJ24DYTEDTNJBBOH	shots/wiess_rice_edu/20240920224510.png	https://web.archive.org/web/20240920224510/https://wiess.rice.edu/
wiess_rice_edu	20240928085631	https://wiess.rice.edu/	6TE64ZCIYHGWHKYEEYTIJQVFTKEAVQXC	shots/wiess_rice_edu/20240928085631.png	https://web.archive.org/web/20240928085631/https://wiess.rice.edu/
wiess_rice_edu	20241004224555	https://wiess.rice.edu/	V2A6GXKB5UWJ3MLILT33CREJBWQRCNZN	shots/wiess_rice_edu/20241004224555.png	https://web.archive.org/web/20241004224555/https://wiess.rice.edu/
wiess_rice_edu	20241012215623	https://wiess.rice.edu/	TT3CHYBXN3X2OEOFUIQ4TJ4IJG4VCRB5	shots/wiess_rice_edu/20241012215623.png	https://web.archive.org/web/20241012215623/https://wiess.rice.edu/
wiess_rice_edu	20241115224609	https://wiess.rice.edu/	DGI6PSKXRRQ6RHYN3TSLUZT2LD7BVE2F	shots/wiess_rice_edu/20241115224609.png	https://web.archive.org/web/20241115224609/https://wiess.rice.edu/
wiess_rice_edu	20241227224744	https://wiess.rice.edu/	MJOR2VNFGQY4UYRWBIGHGNSCM63S4TUJ	shots/wiess_rice_edu/20241227224744.png	https://web.archive.org/web/20241227224744/https://wiess.rice.edu/
wiess_rice_edu	20250124102815	https://wiess.rice.edu/	TZUDKRLUUZM7TAB6RLVPRBWF4ZETHBND	shots/wiess_rice_edu/20250124102815.png	https://web.archive.org/web/20250124102815/https://wiess.rice.edu/
wiess_rice_edu	20250214224655	https://wiess.rice.edu/	BQXQFJNUDYCKA4S56U6AFKHK26OON7ES	shots/wiess_rice_edu/20250214224655.png	https://web.archive.org/web/20250214224655/https://wiess.rice.edu/
wiess_rice_edu	20250321231714	https://wiess.rice.edu/	6BWZ7H54HZ45ZAR7FSWX4PYT5YXYHOMW	shots/wiess_rice_edu/20250321231714.png	https://web.archive.org/web/20250321231714/https://wiess.rice.edu/
wiess_rice_edu	20250426170553	https://wiess.rice.edu/	QH7WEHGDKXY7HLKCXIKUOSI44PE7GIFG	shots/wiess_rice_edu/20250426170553.png	https://web.archive.org/web/20250426170553/https://wiess.rice.edu/
wiess_rice_edu	20250614105506	https://wiess.rice.edu/	BZLCYYR62GP2CMR4P7IZBC2WYQ3WQFJR	shots/wiess_rice_edu/20250614105506.png	https://web.archive.org/web/20250614105506/https://wiess.rice.edu/
wiess_rice_edu	20250716173434	https://wiess.rice.edu/	FNHEKW7XPMUUUCTNWJIKBKIHCK3A4U32	shots/wiess_rice_edu/20250716173434.png	https://web.archive.org/web/20250716173434/https://wiess.rice.edu/
wiess_rice_edu	20250819011249	https://wiess.rice.edu/	6J274YP6P6ZIQK36WSNUWMGKGVQE7WYQ	shots/wiess_rice_edu/20250819011249.png	https://web.archive.org/web/20250819011249/https://wiess.rice.edu/
wiess_rice_edu	20251013212528	https://wiess.rice.edu/	DD33JT7A37KICYCYCGGHHALNXHOB6C3F	shots/wiess_rice_edu/20251013212528.png	https://web.archive.org/web/20251013212528/https://wiess.rice.edu/
wiess_rice_edu	20251204014915	https://wiess.rice.edu/	I7L23Y2HUF76NLTEZH3WOEYRVKATTZW6	shots/wiess_rice_edu/20251204014915.png	https://web.archive.org/web/20251204014915/https://wiess.rice.edu/
wiess_rice_edu	20260312104003	https://wiess.rice.edu/	4LLHILKFAC4OLB5KNCXXKC3TRJAIVSR4	shots/wiess_rice_edu/20260312104003.png	https://web.archive.org/web/20260312104003/https://wiess.rice.edu/
wiess_rice_edu	20260420123853	https://wiess.rice.edu/	FJ6BQNESCTOBQNMGS7TSVBWSGJPIKC32	shots/wiess_rice_edu/20260420123853.png	https://web.archive.org/web/20260420123853/https://wiess.rice.edu/
wiess_rice_edu	20260510020111	https://wiess.rice.edu/	Q4C57MZFXCST54OCHIQESBZCPYFXNW6H	shots/wiess_rice_edu/20260510020111.png	https://web.archive.org/web/20260510020111/https://wiess.rice.edu/
wiess_rice_edu	20260607015106	https://wiess.rice.edu/	CH6V46N64RMVHZ2VFJFPPLDDJDS3ATAW	shots/wiess_rice_edu/20260607015106.png	https://web.archive.org/web/20260607015106/https://wiess.rice.edu/
riceinfo_wiess	20000805085640	http://riceinfo.rice.edu:80/projects/colleges/wiess/images/college.gif	5XNGLPGBRC3EQ6A7AQWTN3SDH6CH6ELO	shots/riceinfo_wiess/20000805085640_85b44de3.png	https://web.archive.org/web/20000805085640/http://riceinfo.rice.edu:80/projects/colleges/wiess/images/college.gif
riceinfo_wiess	20000805085640	http://riceinfo.rice.edu:80/projects/colleges/wiess/images/comments.gif	QREUCKEA4WC4KUZPAOST4QFHFY7HJA34	shots/riceinfo_wiess/20000805085640_48fa0494.png	https://web.archive.org/web/20000805085640/http://riceinfo.rice.edu:80/projects/colleges/wiess/images/comments.gif
riceinfo_wiess	20000805085640	http://riceinfo.rice.edu:80/projects/colleges/wiess/images/invis.gif	5WN7X62GFYAS7DOJGXNZXPZNFVPER76J	shots/riceinfo_wiess/20000805085640_0b7e5ca7.png	https://web.archive.org/web/20000805085640/http://riceinfo.rice.edu:80/projects/colleges/wiess/images/invis.gif
riceinfo_wiess	20000805085640	http://riceinfo.rice.edu:80/projects/colleges/wiess/images/people.gif	AP4LWPBMVSWWX4SU7SVTEKHEE7JR7WHO	shots/riceinfo_wiess/20000805085640_6e05fe2f.png	https://web.archive.org/web/20000805085640/http://riceinfo.rice.edu:80/projects/colleges/wiess/images/people.gif
riceinfo_wiess	20000805085640	http://riceinfo.rice.edu:80/projects/colleges/wiess/images/rules.gif	HYTGJ22QAYPRRAFYJYMUAYQHJXUZURCP	shots/riceinfo_wiess/20000805085640_013ccac3.png	https://web.archive.org/web/20000805085640/http://riceinfo.rice.edu:80/projects/colleges/wiess/images/rules.gif
riceinfo_wiess	20000805085640	http://riceinfo.rice.edu:80/projects/colleges/wiess/images/top.gif	HWMPZBUXNECTN4C4MSBJU5CZ6UIKQFHQ	shots/riceinfo_wiess/20000805085640_902a89a1.png	https://web.archive.org/web/20000805085640/http://riceinfo.rice.edu:80/projects/colleges/wiess/images/top.gif
riceinfo_wiess	20000805085640	http://riceinfo.rice.edu:80/projects/colleges/wiess/images/wiess-btn.gif	ITH6KPAJMGLYZ33JVWCB5IONNIL5KTMG	shots/riceinfo_wiess/20000805085640_656e8c4e.png	https://web.archive.org/web/20000805085640/http://riceinfo.rice.edu:80/projects/colleges/wiess/images/wiess-btn.gif
riceinfo_wiess	20000805085644	http://riceinfo.rice.edu:80/projects/colleges/wiess/images/riceinfo.gif	25FURT62AOGQD3GWR4FUELVSDQBE2W63	shots/riceinfo_wiess/20000805085644_996d1e27.png	https://web.archive.org/web/20000805085644/http://riceinfo.rice.edu:80/projects/colleges/wiess/images/riceinfo.gif
riceinfo_wiess	20000805085644	http://riceinfo.rice.edu:80/projects/colleges/wiess/images/teamwiess.gif	CRZKHHHWRVC7TOP4VCOSYXM4PKPDLAME	shots/riceinfo_wiess/20000805085644_b4f00082.png	https://web.archive.org/web/20000805085644/http://riceinfo.rice.edu:80/projects/colleges/wiess/images/teamwiess.gif
riceinfo_wiess	20000805085644	http://riceinfo.rice.edu:80/projects/colleges/wiess/images/wiesscollege.jpg	KAM7VJXYQ7V5RYRTTR6ICCFCEH6O53FI	shots/riceinfo_wiess/20000805085644_76d28e81.png	https://web.archive.org/web/20000805085644/http://riceinfo.rice.edu:80/projects/colleges/wiess/images/wiesscollege.jpg
