item	years	why it matters (page it would fix)	likely holder	evidence it exists (citation)
Wiess College Records — Cabinet minutes, Master appointments and correspondence	1957–1993	Magisters 1957–1990, the second RA of 1957, RAs 1980–1992, any pre-1994 college secretary (people/core-team.md, people/masters-and-magisters.md, people/resident-associates.md)	Fondren / Woodson Research Center, UA 0079	[@woodson-ua0079] ("Cabinet minutes and governing documents from 1950")
Campanile Wiess sections with associates/RA group photographs (e.g. the uncaptioned 1976 associates photograph)	1958–1990	Names and years for Magisters and RAs before 1990; Don Clayton; Parish's successor (people/core-team.md)	Fondren / Woodson (print); archive.org Campanile scans	[@rhc 2014-11-19 wiess-college-luminaries comment by rcspitzer, 21 Nov 2014] ("This picture is from the Wiess section… of the 1976 Campanile")
Portraits of all former Masters hanging in the PDR (with their captions)	1957–present	A first complete list of Magisters with dates (people/masters-and-magisters.md, people/core-team.md)	The college (PDR in the Commons); College Coordinator's office	[@wb 20140719005702 http://teamwiess.com/amenities.html] ("pictures of all our former Masters")
The printed 1994 Freshman Handbook	1994	Verify 'Sue — Secretary of Wiess College… just started at the beginning of summer', Dr. Bill's interim term, Dodds's third year (people/core-team.md)	Fondren / Woodson UA 0079; alumni	[@handbook-1994] (gaps: "The printed 1994 book itself is being pulled")
O-Week books not held (Masters/RAs/Coordinator pages and A-Team contact list in each)	1995–2002, 2004, 2005, 2012, 2013, 2018–2026	Coordinator before 2003; Donato–Kalb start; Houchens/Orlandi/Ringe dates; Letness→Jones handover; Cunha–Santos start; current Core Team (people/core-team.md)	College Coordinator's office; Head Fellows; Fondren / Woodson UA 0079	Every book held from 2003 to 2017 has these pages, e.g. [@oweek-2003 intro p.9] [@oweek-2017 p.69]; the 2008 site offered "Download Handbook!" [@wb 20080709214940 http://teamwiess.com/index.php?r=coordinator]
O-Week book 2003 pages 15–34 and 2009 Parts 1, 3 and 7	2003, 2009	2009 Part 1 holds that year's Masters, RAs and coordinator pages (people/core-team.md)	Wayback (uncaptured); College Coordinator's office	[@oweek-2003] (gaps: "Pages 15–34, 45–60 and 75–79 were never posted"); [@oweek-2009] (gaps: "Parts 1, 3 and 7 were not captured")
Dr. Bill Wilson's papers, photographs and recordings	c.1965–2010	Dr. Bill's RA start date, the 1970s–80s RAs and Masters, the Tabletop record (people/core-team.md, people/resident-associates.md, places/wilson-house.md)	Fondren / Woodson (received 2021; processing status unknown)	[@rhc 2021-11-15 secession-1992] ("a whole bunch of Dr. Bill Wilson's things… hundreds of recordings"); [@rhc 2011-06-17 friday-afternoon-follies-11]
1989 Sallyport 'day in the life' profile of Dr. Bill	1989	Contemporary account of the RA role and Dr. Bill's years (people/core-team.md)	Rice Magazine/Sallyport archive, Fondren	[@rhc 2018-11-15 two-views-of-dr-bill-wilson-no-date comment by George Webb '88, '91, 15 Nov 2018]
Thresher / Rice News report of the 2011 Wilson House dedication	2011	Dr. Bill's dates; whether Wilson House was built or renamed (places/wilson-house.md, people/core-team.md)	Rice Thresher archive (Fondren digital); Rice News	[@wiess-60th-faq-2017 p.4] ("Dedicated in 2011 as a memorial…")
Associates blog posts 'A Celebration of the Byrds' and 'Wiess 101 for Associates'	2016	End of the Byrds' term; the Schaefers' expectations (people/core-team.md)	Wayback captures of wiessassociates.rice.edu (retired by Rice, HTTP 410)	[@wiessassociates-site] ("A Celebration of the Byrds" 25 Apr 2016)
Rendered wiess.rice.edu Core Team / A-Team page (and the data file behind it)	2023–2026	Current Magisters, RAs and Coordinator; Ewart Jones's end; Jenny Toups's start; roles of the October 2023 image subjects (people/core-team.md)	The college webmaster; Wayback captures not yet pulled (ateam Jul–Dec 2023; coreteam Aug 2025, Nov 2025, Feb 2026, May 2026)	[@wiess-rice-edu-coreteam]; [@wb 20241006035649 https://wiess.rice.edu/government/coreteam] (empty shell)
Wiess Associates Guide	c.2023–2025	How the college describes the Coordinator's and Associates Committee's roles (people/core-team.md)	College Coordinator (Jenny Toups, per the 2025 page); wiess.rice.edu	[@wiess-rice-edu-associates-2025] ("feel free to look over the Wiess Associates Guide")
Magister search committee records (the 2005–06 'Master's Search Committee'; the searches that chose the Schaefers, 2015–16, and Cunha and Santos, 2020–21)	2006–2021	Start dates and process for three Magister couples (people/core-team.md, people/masters-and-magisters.md)	Cabinet minutes / Cabinet Secretary; the President of the year; College Coordinator's office	[@wb 20070709183121 http://teamwiess.com/index.php?module=page&page=representatives] ("Master's Search Committee Chair"); [@constitution-2016 p.1]
RA search materials 2017: application, Lenin Terrazas's letter 'about being a Wiess RA', the 'What an RA means to Wiessmen' video	2017	The RA role in the RAs' own words (people/core-team.md, people/resident-associates.md)	Wayback (uncaptured links); RA Search Committee / College Coordinator	[@teamwiess-ra-search-2017]
Cabinet minutes (runs not held)	2000–2009, 2011–2026	Search committee approvals, RA and Magister announcements, the A-Team → Core Team rename (people/core-team.md, governance/cabinet.md)	Cabinet Secretary; College Coordinator's office; Fondren / Woodson UA 0079	[@riceinfo-minutes-1999]; [@teamwiess-cabinetminutes-2010] (only runs held)
Court abstracts filed with the College Coordinator	2016–2026	When and how the Coordinator became part of the Court's procedure (people/core-team.md, governance/court.md)	College Coordinator's office	[@constitution-2016 Bylaws Art. V §8]; [@constitution-2026 p.13]
@ricewilsonhouse Twitter and @wilsonhousetfw Instagram archives	2013–2020	The Byrds' and Schaefers' house programmes (people/core-team.md, places/wilson-house.md)	Wayback (two captures, 2016 and 2020, not yet pulled); the Magisters	[@oweek-2015 p.12] ("Find Dr. Byrd on Twitter (@ricewilsonhouse) and Instagram (@wilsonhousetfw)")
Rice video embedded on teamwiess.com's 'Dr. Bill Wilson' page	c.2011–2014	Dr. Bill's life and RA years (people/core-team.md, people/resident-associates.md)	Rice media archive (mediacosmos ID 0arp-mpAjEusO24So4vULQ)	[@wb 20140719005650 http://teamwiess.com/dr.-bill.html]
Rice Magazine's source for 'George Pharr '75, who became master of Wiess in the early 1990s'	2016 (claim about c.1990)	Settles whether Pharr was ever Magister (people/core-team.md, people/masters-and-magisters.md)	Rice Magazine editors; George Pharr (public: 60th Anniversary Committee member)	[@rice-magazine-2016-wiess-traditions]
Content of teamwiess.com people.php?who=masters / ras / coord	2011–2012	Byrd/Houchens/Ramos/Letness pages of 2011–12 (people/core-team.md)	Wayback (script-loaded content never captured); former webmasters	[@teamwiess-people-2009-2013] (gaps: "The who=masters/ras/coord content was never captured")
