date	title	url	comments	images	matched_terms	pig_mentions
2010-11-18	Zevi Salsburg	https://ricehistorycorner.com/2010/11/18/zevi-salsburg/	13	1	wiess	0
2011-01-21	Fred Manaker (1918) and the first Rice aerial photos	https://ricehistorycorner.com/2011/01/21/fred-manaker-1918-and-the-first-rice-aerial-photos/	3	5	hanszen	0
2011-02-22	Rice’s Early Residence Halls, 1912-16	https://ricehistorycorner.com/2011/02/22/rices-early-residence-halls-1912-16/	5	4	wiess;hanszen	0
2011-03-04	Friday Afternoon Follies	https://ricehistorycorner.com/2011/03/04/friday-afternoon-follies-2/	0	2	wiess	0
2011-03-15	Two aerial views from 1947-48	https://ricehistorycorner.com/2011/03/15/two-aerial-views-from-1947-48/	2	2	wiess	0
2011-03-16	Willy Wrapped	https://ricehistorycorner.com/2011/03/16/willy-wrapped/	1	3	willy	0
2011-05-04	Two Quads	https://ricehistorycorner.com/2011/05/04/two-quads/	1	4	pig	0
2011-05-06	Friday Afternoon Follies plus a Campus Quiz	https://ricehistorycorner.com/2011/05/06/friday-afternoon-follies-plus-a-campus-quiz/	11	3	wiess	0
2011-05-18	Harry Hanszen, William Houston and Joe Watson, 1952	https://ricehistorycorner.com/2011/05/18/harry-hanszen-william-houston-and-joe-watson-1952/	5	2	hanszen	0
2011-06-17	Friday Afternoon Follies	https://ricehistorycorner.com/2011/06/17/friday-afternoon-follies-11/	0	4	wiess;bill wilson	0
2011-08-15	Another Great Shot from the Teas Collection	https://ricehistorycorner.com/2011/08/15/another-great-shot-from-the-teas-collection/	0	1	wiess	0
2011-09-19	Throwback	https://ricehistorycorner.com/2011/09/19/throwback/	9	4	pig	0
2011-09-20	View from the Top of the Stadium	https://ricehistorycorner.com/2011/09/20/view-from-the-top-of-the-stadium/	11	6	war pig;pig	0
2011-09-23	Friday Afternoon Follies	https://ricehistorycorner.com/2011/09/23/friday-afternoon-follies-20/	16	2	beer bike;beer-bike	0
2011-11-23	A Campus Geography Puzzle	https://ricehistorycorner.com/2011/11/23/a-campus-geography-puzzle/	15	3	wiess	0
2011-11-29	My Geography Puzzle Solved	https://ricehistorycorner.com/2011/11/29/my-geography-puzzle-solved/	3	4	wiess	0
2011-12-01	“It Can’t Happen Here”	https://ricehistorycorner.com/2011/12/01/it-cant-happen-here/	7	2	hanszen	0
2012-02-16	Apologies are Issued	https://ricehistorycorner.com/2012/02/16/apologies-are-issued/	14	4	hanszen	0
2012-03-14	William Marsh Rice’s Checkbook	https://ricehistorycorner.com/2012/03/14/william-marsh-rices-checkbook/	13	6	willy	0
2012-03-15	A Cohen House video, plus a plea for assistance	https://ricehistorycorner.com/2012/03/15/a-cohen-house-video-plus-a-plea-for-assistance/	1	2	beer bike	0
2012-04-19	Freshman Week 1970, Part IV	https://ricehistorycorner.com/2012/04/19/freshman-week-1970-part-iv/	14	3	hanszen	0
2012-05-16	Whence the Orange Scooters?	https://ricehistorycorner.com/2012/05/16/whence-the-orange-scooters/	14	3	beer bike;beer-bike	0
2012-05-22	“Fire Bo Hagan”	https://ricehistorycorner.com/2012/05/22/fire-bo-hagan/	12	4	wiess	0
2012-08-07	Football, 1957: Duke	https://ricehistorycorner.com/2012/08/07/football-1957-duke/	6	5	beer bike;beer-bike	0
2012-08-30	Weekly Video: JFK at Rice	https://ricehistorycorner.com/2012/08/30/weekly-video-jfk-at-rice/	8	1	willy	0
2012-09-01	Saturday Willy Update	https://ricehistorycorner.com/2012/09/01/saturday-willy-update/	7	2	willy	0
2012-09-07	Weekly Video: Willy Has a Spa Day	https://ricehistorycorner.com/2012/09/07/weekly-video-willy-has-a-spa-day/	0	0	willy	0
2012-09-10	More Early Construction Photos	https://ricehistorycorner.com/2012/09/10/more-early-construction-photos/	11	6	willy	0
2012-09-17	Charles Weber’s Farm	https://ricehistorycorner.com/2012/09/17/charles-webers-farm/	10	4	war pig;pig	0
2012-09-18	Bonus: Families Weekend Centennial Book Signing, Part 2	https://ricehistorycorner.com/2012/09/18/bonus-families-weekend-centennial-book-signing-part-2/	6	4	beer bike	0
2012-09-24	Wherein The Knapp Sisters Bring Me Joy	https://ricehistorycorner.com/2012/09/24/wherein-the-knapp-sisters-bring-me-joy/	5	4	willy	0
2012-09-26	On The Sad Insufficiency of Past Tents	https://ricehistorycorner.com/2012/09/26/on-the-sad-insufficiency-of-past-tents/	13	6	wiess	0
2012-11-02	Friday Afternoon Follies: Hanszenettes, mid 80s	https://ricehistorycorner.com/2012/11/02/friday-afternoon-follies-hanszenettes-mid-80s/	7	1	hanszen	0
2012-11-13	Two Mysteries Update	https://ricehistorycorner.com/2012/11/13/two-mysteries-update/	5	3	hanszen	0
2012-11-23	Friday Afternoon Follies: Where’s The Beef?	https://ricehistorycorner.com/2012/11/23/friday-afternoon-follies-wheres-the-beef/	0	1	hanszen	0
2012-12-04	Wiess Hall Construction, 1949	https://ricehistorycorner.com/2012/12/04/wiess-hall-construction-1949/	16	5	wiess	0
2012-12-05	Wiess Hall Dedication, 1950	https://ricehistorycorner.com/2012/12/05/wiess-hall-dedication-1950/	6	7	wiess	0
2013-01-12	Friday Evening Follies: Cheap Sunglasses	https://ricehistorycorner.com/2013/01/12/friday-evening-follies-cheap-sunglasses/	1	2	hanszen	0
2013-01-31	The Rice Decennial Celebration, 1922	https://ricehistorycorner.com/2013/01/31/the-rice-decennial-celebration-1922/	3	4	bill wilson	0
2013-02-19	“Dr. Baker rocks!”	https://ricehistorycorner.com/2013/02/19/dr-baker-rocks/	30	4	wiess	0
2013-02-19	Mixed Nuts: A Dr. Baker Update, a Link to Wiess Memorabilia and a Bobby Soxer on the Phone	https://ricehistorycorner.com/2013/02/19/mixed-nuts-a-dr-baker-update-a-link-to-wiess-memorabilia-and-a-bobby-soxer-on-the-phone/	17	1	wiess;hanszen;team wiess	0
2013-03-05	Dancing in the Dark	https://ricehistorycorner.com/2013/03/05/dancing-in-the-dark/	11	1	hanszen	0
2013-03-11	Muhammad Ali in the Wiess Commons	https://ricehistorycorner.com/2013/03/11/muhammad-ali-in-the-wiess-commons/	4	3	wiess	0
2013-03-15	Friday Afternoon Follies: One of the Best Beanie Shots of All Times	https://ricehistorycorner.com/2013/03/15/friday-afternoon-follies-one-of-the-best-beanie-shots-of-all-times/	4	1	hanszen	0
2013-03-27	Closing In on the Bent	https://ricehistorycorner.com/2013/03/27/closing-in-on-the-bent/	20	5	bill wilson	0
2013-04-12	Friday Afternoon Follies: Hanszenites Behaving Oddly. Again.	https://ricehistorycorner.com/2013/04/12/friday-afternoon-follies-hanszenites-behaving-oddly-again/	7	1	hanszen	0
2013-05-17	Friday Afternoon Follies: Sooey!	https://ricehistorycorner.com/2013/05/17/friday-afternoon-follies-sooey/	10	2	pig	0
2013-05-29	Beer Bike 1957	https://ricehistorycorner.com/2013/05/29/beer-bike-1957/	8	3	beer bike;beer-bike;hanszen	0
2013-06-10	Car Wash	https://ricehistorycorner.com/2013/06/10/car-wash/	20	2	beer bike	0
2013-07-03	Surprise of the Week: William Masterson, plus the Helicopter Finally Appears	https://ricehistorycorner.com/2013/07/03/surprise-of-the-week-william-masterson-plus-the-helicopter-finally-appears/	11	2	hanszen	0
2013-08-05	Be a Pal and Help Out an Archivist	https://ricehistorycorner.com/2013/08/05/be-a-pal-and-help-out-an-archivist/	24	3	hanszen	0
2013-08-13	Welcoming a New President, 1946	https://ricehistorycorner.com/2013/08/13/welcoming-a-new-president-1946/	3	3	hanszen	0
2013-09-16	Grace Under Pressure: Vetta Masterson and the Civil War Historians, 1957	https://ricehistorycorner.com/2013/09/16/grace-under-pressure-vetta-masterson-and-the-civil-war-historians-1957/	5	4	hanszen	0
2013-10-18	Friday Afternoon Follies: Toga!	https://ricehistorycorner.com/2013/10/18/friday-afternoon-follies-toga/	9	2	willy	0
2013-12-06	Friday Afternoon Follies: The Creation of Willy	https://ricehistorycorner.com/2013/12/06/friday-afternoon-follies-the-creation-of-willy/	3	1	willy	0
2014-01-21	“A Classic Duel Reenacted!”: Women’s Beer Bike, 1973	https://ricehistorycorner.com/2014/01/21/a-classic-duel-reenacted-womens-beer-bike-1973/	5	3	beer bike;beer-bike	0
2014-01-22	Ralph Anderson, Jr., ’43, ’47	https://ricehistorycorner.com/2014/01/22/ralph-anderson-jr-43-47/	13	6	wiess	0
2014-01-24	Friday Afternoon Follies: Dr. Bill in a Skirt	https://ricehistorycorner.com/2014/01/24/friday-afternoon-follies-dr-bill-in-a-skirt/	7	1	wiess;bill wilson	0
2014-02-25	“Gloomy first-hand view of world events” Takes a Happy Turn, 1976	https://ricehistorycorner.com/2014/02/25/gloomy-first-hand-view-of-world-events-takes-a-happy-turn-1976/	12	3	willy	0
2014-03-13	First Beer Bike, 1957	https://ricehistorycorner.com/2014/03/13/first-beer-bike-1957/	1	6	beer bike;beer-bike	0
2014-05-05	Rice History Quiz Answers	https://ricehistorycorner.com/2014/05/05/rice-history-quiz-answers/	0	6	hanszen	0
2014-06-05	What Do You Think They’re Looking At?	https://ricehistorycorner.com/2014/06/05/what-do-you-think-theyre-looking-at/	17	1	hanszen	0
2014-10-01	Lions (And Pots) By Lassig (Now with Correction)	https://ricehistorycorner.com/2014/10/01/lions-and-pots-by-lassig/	10	5	wiess	0
2014-11-19	Wiess College Luminaries	https://ricehistorycorner.com/2014/11/19/wiess-college-luminaries/	10	3	wiess;bill wilson	0
2014-11-20	Before there was ktru . . .	https://ricehistorycorner.com/2014/11/20/before-there-was-ktru/	15	2	hanszen	0
2014-12-16	A Weight Off My Mind	https://ricehistorycorner.com/2014/12/16/a-weight-off-my-mind/	11	4	wiess	0
2015-01-23	Friday Follies: Wiess Crack	https://ricehistorycorner.com/2015/01/23/friday-follies-wiess-crack/	15	2	wiess	0
2015-02-16	Hackerman Walking, c1971	https://ricehistorycorner.com/2015/02/16/hackerman-walking-c1971/	13	3	war pig;pig	0
2015-03-27	Friday Follies: Beer Bike Bunny, 1984	https://ricehistorycorner.com/2015/03/27/friday-follies-beer-bike-bunny-1984/	3	2	beer bike;beer-bike	0
2015-04-23	Tennis Courts . . . with sheds!	https://ricehistorycorner.com/2015/04/23/tennis-courts-with-sheds/	6	3	beer bike;beer-bike	0
2015-05-04	Reforestation	https://ricehistorycorner.com/2015/05/04/reforestation/	1	4	willy	0
2015-09-28	Kent Anderson, 1941-2015	https://ricehistorycorner.com/2015/09/28/kent-anderson-1941-2015/	5	1	hanszen	0
2015-12-02	“They only want their prejudices accepted,” April 1962	https://ricehistorycorner.com/2015/12/02/they-only-want-their-prejudices-accepted-april-1962/	9	3	hanszen	0
2015-12-03	Hanszen Commons Fire, June 1975	https://ricehistorycorner.com/2015/12/03/hanszen-commons-fire-june-1975/	11	5	hanszen	0
2015-12-09	What the heck is an azimuth?	https://ricehistorycorner.com/2015/12/09/what-the-heck-is-an-azimuth/	15	5	statue turned	0
2016-01-12	High Powered Women	https://ricehistorycorner.com/2016/01/12/high-powered-women/	3	2	willy	0
2016-01-28	Pivot Point, 1946	https://ricehistorycorner.com/2016/01/28/pivot-point-1946/	10	3	wiess;hanszen;bill wilson	0
2016-03-03	Musicalums, 2005	https://ricehistorycorner.com/2016/03/03/musicalums-2005/	1	2	hanszen	0
2016-03-07	Barbara Jordan, 1977	https://ricehistorycorner.com/2016/03/07/barbara-jordan-1977/	8	3	wiess	0
2016-05-09	Commencement Setup, 1921	https://ricehistorycorner.com/2016/05/09/commencement-setup-1921/	3	3	willy	0
2016-05-20	Friday Follies: Go Wiess Jocks!	https://ricehistorycorner.com/2016/05/20/friday-follies-go-wiess-jocks/	8	1	wiess	0
2016-05-24	Hanging Out at Wiess	https://ricehistorycorner.com/2016/05/24/hanging-out-at-wiess/	15	2	wiess	0
2016-06-24	Friday Follies: As Long as There’s a Primrose Path . . .	https://ricehistorycorner.com/2016/06/24/friday-follies-as-long-as-theres-a-primrose-path/	9	2	wiess	0
2016-07-26	How Tall is Willy?	https://ricehistorycorner.com/2016/07/26/how-tall-is-willy/	6	4	willy	0
2016-08-16	Moving in the Rain, 1957	https://ricehistorycorner.com/2016/08/16/moving-in-the-rain-1957/	7	7	hanszen	0
2016-08-17	The Great Scramble, 1957	https://ricehistorycorner.com/2016/08/17/the-great-scramble-1957/	5	4	hanszen	0
2016-08-25	My Lunch with Bonnie Hellums	https://ricehistorycorner.com/2016/08/25/my-lunch-with-bonnie-hellums/	5	3	wiess	0
2016-09-28	Powder Puff, 1972	https://ricehistorycorner.com/2016/09/28/powder-puff-1972/	4	2	powder puff	0
2016-10-20	Homecoming 1946: “a devoted friend and generous benefactress”	https://ricehistorycorner.com/2016/10/20/homecoming-1946-a-devoted-friend-and-generous-benefactress/	2	6	willy	0
2016-10-28	Friday Follies: Halloween 1969	https://ricehistorycorner.com/2016/10/28/friday-follies-halloween-1969/	2	5	pumpkin caroling	0
2017-02-06	“there are always special corners,” 1930	https://ricehistorycorner.com/2017/02/06/there-are-always-special-corners-1930/	3	7	willy	0
2017-03-31	It’s Beer Bike Weekend!	https://ricehistorycorner.com/2017/03/31/its-beer-bike-weekend/	2	1	beer bike;beer-bike	0
2017-05-08	Name That Pub, 1975	https://ricehistorycorner.com/2017/05/08/name-that-pub-1975/	15	8	willy	0
2017-05-31	Come Hell or High Water, 1975	https://ricehistorycorner.com/2017/05/31/come-hell-or-high-water-1975/	14	4	willy	0
2017-06-28	“a singularly noble and significant piece of work,” 1929	https://ricehistorycorner.com/2017/06/28/a-singularly-noble-and-significant-piece-of-work-1929/	4	3	willy	0
2017-07-11	J. Frank Dobie at Hanszen College, 1962	https://ricehistorycorner.com/2017/07/11/j-frank-dobie-at-hanszen-college-1962/	6	4	hanszen	0
2017-08-27	Harvey Update 3: Life Goes On	https://ricehistorycorner.com/2017/08/27/harvey-update-3-life-goes-on/	3	5	hanszen	0
2017-09-29	Friday Follies: Peace, circa 1969	https://ricehistorycorner.com/2017/09/29/friday-follies-peace-circa-1969/	6	2	hanszen	0
2017-10-13	Friday Follies: Ozymandias	https://ricehistorycorner.com/2017/10/13/friday-follies-ozymandias/	3	1	wiess	0
2017-10-31	Carving Pumpkins, circa 1998	https://ricehistorycorner.com/2017/10/31/carving-pumpkins-circa-1998/	1	2	willy	0
2017-11-17	Friday Follies: Cheers!	https://ricehistorycorner.com/2017/11/17/friday-follies-cheers/	4	2	wiess;bill wilson	0
2017-12-14	Spud Hall, circa 1914	https://ricehistorycorner.com/2017/12/14/spud-hall-circa-1914/	1	3	willy	0
2018-01-31	When Did It Become O-Week?	https://ricehistorycorner.com/2018/01/31/when-did-it-become-o-week/	15	3	hanszen	0
2018-02-02	Friday Follies: Bananas!	https://ricehistorycorner.com/2018/02/02/friday-follies-bananas/	8	4	wiess	0
2018-02-07	Beer Bike, 1961	https://ricehistorycorner.com/2018/02/07/beer-bike-1961/	4	2	beer bike;beer-bike	0
2018-03-19	“Staff to Maintain Order in Library,” 1956	https://ricehistorycorner.com/2018/03/19/staff-to-maintain-order-in-library-1956/	2	3	willy	0
2018-03-23	Friday Follies: Two of My Favorite Things in One Place, 1972	https://ricehistorycorner.com/2018/03/23/friday-follies-two-of-my-favorite-things-in-one-place-1972/	3	2	beer bike;beer-bike	0
2018-04-24	More Honored in the Breach, 1929	https://ricehistorycorner.com/2018/04/24/more-honored-in-the-breach-1929/	5	2	willy	0
2018-04-25	Dating a New Picture of the Academic Quad	https://ricehistorycorner.com/2018/04/25/dating-a-new-picture-of-the-academic-quad/	12	6	willy	0
2018-05-08	Bees!	https://ricehistorycorner.com/2018/05/08/bees/	11	3	beer bike;beer-bike	0
2018-08-10	Friday Follies: When you’re out of Schlitz, you’re out of beer, 1963	https://ricehistorycorner.com/2018/08/10/friday-follies-when-youre-out-of-schlitz-youre-out-of-beer-1963/	5	1	beer bike;beer-bike	0
2018-11-13	The Rice of the Future, 1938	https://ricehistorycorner.com/2018/11/13/the-rice-of-the-future-1938/	7	9	statue turned	0
2018-11-15	Two Views of Dr. Bill Wilson, no date	https://ricehistorycorner.com/2018/11/15/two-views-of-dr-bill-wilson-no-date/	16	3	bill wilson	0
2018-11-28	Aerials with Stadium, no date	https://ricehistorycorner.com/2018/11/28/aerials-with-stadium-no-date/	30	4	willy	0
2018-12-12	Hanszen 229, 1957	https://ricehistorycorner.com/2018/12/12/hanszen-229-1957/	8	5	hanszen	0
2018-12-14	Friday Follies: Professor Charles Garside of the History Department at Beer Bike	https://ricehistorycorner.com/2018/12/14/friday-follies-professor-charles-garside-of-the-history-department-at-beer-bike/	13	2	beer bike;beer-bike	0
2019-01-02	Ralph O’Connor, 1926-2018	https://ricehistorycorner.com/2019/01/02/ralph-oconnor-1926-2018/	20	2	beer bike	0
2019-01-29	Here’s a strange one, 1950	https://ricehistorycorner.com/2019/01/29/heres-a-strange-one-1950/	1	4	wiess;hanszen	0
2019-03-08	Friday Follies: Fake News, 1953	https://ricehistorycorner.com/2019/03/08/friday-follies-fake-news-1953/	8	2	wiess	0
2019-03-18	Through the Foyer	https://ricehistorycorner.com/2019/03/18/through-the-foyer/	8	4	willy	0
2019-03-27	“a large pinch of courage,” 1966	https://ricehistorycorner.com/2019/03/27/a-large-pinch-of-courage-1966/	4	7	willy	0
2019-04-30	First Draft, 1947	https://ricehistorycorner.com/2019/04/30/first-draft-1947/	13	5	wiess;hanszen	0
2019-05-13	And Who Could Blame Her?	https://ricehistorycorner.com/2019/05/13/and-who-could-blame-her/	9	3	willy	0
2019-07-29	Abercrombie Week! 2019	https://ricehistorycorner.com/2019/07/29/abercrombie-week-2019/	4	5	wiess	0
2019-07-30	Hank Hudspeth, 1919-2019	https://ricehistorycorner.com/2019/07/30/hank-hudspeth-1919-2019/	12	5	wiess	0
2019-08-02	Friday Follies: Wiess College Petition, 1969	https://ricehistorycorner.com/2019/08/02/friday-follies-wiess-college-petition-1969/	7	2	wiess	0
2019-08-09	Friday Follies: Hit the Beach, 1928 Style	https://ricehistorycorner.com/2019/08/09/friday-follies-hit-the-beach-1928-style/	2	2	bill wilson	0
2019-08-14	“Many of you were surprised to get a damage deposit refund last year,” 1984	https://ricehistorycorner.com/2019/08/14/many-of-you-were-surprised-to-get-a-damage-deposit-refund-last-year-1984/	4	3	beer bike;beer-bike	0
2019-09-05	Moving Day 3 with Badly Needed Help from Ron Sass	https://ricehistorycorner.com/2019/09/05/moving-day-3-with-badly-needed-help-from-ron-sass/	2	1	beer bike;beer-bike	0
2019-10-18	Friday Follies: If It Were Me I’d Keep Both Hands on the Building	https://ricehistorycorner.com/2019/10/18/friday-follies-if-it-were-me-id-keep-both-hands-on-the-building/	3	1	beer bike;beer-bike	0
2019-10-30	“I’m dreaming of the Great Pumpkin,” 1969	https://ricehistorycorner.com/2019/10/30/im-dreaming-of-the-great-pumpkin-1969/	3	5	pumpkin caroling	0
2019-12-12	HMRC Thursday: Santa, 1964	https://ricehistorycorner.com/2019/12/12/hmrc-thursday-santa-1964/	1	4	willy	0
2020-02-13	Beer Bike, 1961: Crumpled	https://ricehistorycorner.com/2020/02/13/beer-bike-1961-crumpled/	2	1	beer bike;beer-bike	0
2020-03-05	“Mr. Glascock sends you his love,” 1923	https://ricehistorycorner.com/2020/03/05/mr-glascock-sends-you-his-love-1923/	6	2	willy	0
2020-04-02	“the greatest thing in years”, 1975 and 2000	https://ricehistorycorner.com/2020/04/02/the-greatest-thing-in-years-1975-and-2000/	2	5	wiess;willy	0
2020-04-20	Not Hamman Hall at Night, circa 1970	https://ricehistorycorner.com/2020/04/20/not-hamman-hall-at-night-circa-1970/	5	1	wiess	0
2020-05-04	President Houston’s Inauguration, 1947	https://ricehistorycorner.com/2020/05/04/president-houstons-inauguration-1947/	2	3	wiess	0
2020-05-20	Harry Wiess and Rice’s First Strategic Plan, 1945	https://ricehistorycorner.com/2020/05/20/harry-wiess-and-rices-first-strategic-plan-1945/	7	4	wiess	0
2020-06-12	Friday Follies: “To Hell With It,” 1964	https://ricehistorycorner.com/2020/06/12/friday-follies-to-hell-with-it-1964/	14	2	beer bike;beer-bike	0
2020-07-02	So . . . . . It’s Me Again	https://ricehistorycorner.com/2020/07/02/so-its-me-again/	14	2	wiess	0
2020-08-24	“a broadened view and wider representation,” 1949	https://ricehistorycorner.com/2020/08/24/a-broadened-view-and-wider-representation-1949/	6	2	wiess	0
2021-05-26	Time Capsule, 1948	https://ricehistorycorner.com/2021/05/26/time-capsule-1948/	11	7	wiess	0
2021-07-05	“I have never seen a philosopher have such an ovation,” 1962	https://ricehistorycorner.com/2021/07/05/i-have-never-seen-a-philosopher-have-such-an-ovation-1962/	2	5	bill wilson	0
2021-08-06	Pigskin Review: Rice Institute vs. USC, 1947	https://ricehistorycorner.com/2021/08/06/pigskin-review-rice-institute-vs-usc-1947/	6	7	pig	0
2021-11-15	Secession, 1992	https://ricehistorycorner.com/2021/11/15/secession-1992/	3	6	wiess;hanszen;bill wilson	0
2021-11-19	Friday Follies: Mechanical Malfunction	https://ricehistorycorner.com/2021/11/19/friday-follies-mechanical-malfunction/	8	2	bill wilson	0
2021-12-10	“I’m pissed,” no date	https://ricehistorycorner.com/2021/12/10/im-pissed-no-date/	11	4	bill wilson	8
2022-04-01	Beer Bike, 1967	https://ricehistorycorner.com/2022/04/01/beer-bike-1967/	13	8	beer bike;beer-bike	0
2022-10-07	Kitchen Staff, 1965	https://ricehistorycorner.com/2022/10/07/kitchen-staff-1965/	6	4	beer bike;beer-bike	0
2023-04-10	“If it matters to you . . . the young man on the left is James Hackney,” 1948 and 2023	https://ricehistorycorner.com/2023/04/10/if-it-matters-to-you-the-young-man-on-the-left-is-james-hackney-1948-and-2023/	8	6	statue turned	0
2024-01-27	Ron Sass, 1932-2024: “he will teach and inspire wherever he goes”	https://ricehistorycorner.com/2024/01/27/ron-sass-1932-2024-he-will-teach-and-inspire-wherever-he-goes/	9	5	beer bike;beer-bike	0
