file	campanile	print_page	pdf_page	what	evidence
campanile1984_p371_zweig-warpig-1984-martinez-battle-sow.{pdf,png}	1984	371	373	Wiess senior pages (handwritten). Jeff Zweig signs off "THE DIE IS CAST… I HAVE CROSSED THE HEDGES! JEFF ZWEIG B.S.CH.E., W.H.C.E.S., WARPIG 1984". Gretchen "Grape" Martinez '84: "I've loved being a Battle Sow, Wiess Wench, and one of the first women at the Best College!"; "TEAM WIESS!!" bubble	P—earliest print appearance of "Warpig" (spring 1984), by its originator; "Battle Sow" as identity of the first coed class
campanile1985_p283pdf_NOD-1984-animal-farm-12-foot-pig.pdf	1985	283	283	Night of Decadence, 26 Oct 1984 ("Animal Farm"): "Attractions range from the heavy petting zoo to a 12-foot pig with more than lifelike features… someone is makin' bacon". Bottom-left photo: the hanging pig effigy among animal piñatas	P—earliest photograph of a War Pig effigy; matches Thresher 2 Nov 1984 p.27
campanile1987_p320_pre-flight-for-the-battle-sow.{pdf,png}	1987	320	324	"Above: Pre-flight for the Battle Sow"—large black pig, "TEAM WIESS" in white block letters, crowd around it, Beer Bike 1987	P—Pig #2's first outing is 1987, not 1988
campanile1988_p268_war-pig-pig-master.pdf	1988	268	269	"1) WAR PIG 2) 'Pig Master' Jorge Martin-de-Nicolas 3) 'They're coming to the hump!'"—the huge TEAM WIESS pig, Jorge on a line, Beer Bike 1988	P—Pig #2's second outing (attacked; Thresher letter 26 Mar 1993)
campanile1989_p302_inside-the-wiess-pig-rebirth.pdf	1989	302	305	"Inside the Wiess Pig—the rebirth" (students inside the black plastic hull); "The caretakers of the pig at the track" (deflated pig at Beer Bike 1989)	P—1989 repair/rebuild attempt before Maxham started over in 1990
campanile1991_p281_the-war-pig-flies.pdf	1991	281	292	"Left: The War Pig flies!"—black TEAM WIESS pig airborne over the track, Beer Bike 6 Apr 1991	P—photograph of the first helium flight (Thresher 5 Apr 1991 p.16; Bennett grant)
campanile1993_p261_the-war-pig.pdf	1993	261	264	"The War Pig"—black TEAM WIESS pig on the field with generator/fan box	P
campanile1996_p321_helium-trash-bags-duct-tape.pdf	1996	321	336	"Helium + Trash Bags + Duct Tape = Pig" (helium cylinders in a room); "If Only Pigs Could Fly—The War Pig" (pig on the ground at Old Wiess)	P—still trash bags + helium in 1996; did not fly
campanile1999_p238_wiess-style-essay.pdf	1999	238?	241	"Wiess Style" essay: "inspires twenty-five students to wake up at 4:30 a.m. to inflate a giant pig made of garbage bags in the futile hope that it will fly above the Beer Bike track"	P—garbage-bag pig still the norm in 1998–99
campanile1999_p239_senior-wills-battle-sows.pdf	1999	239	242	Senior wills: "to the Battle Sows: '95 and '98 Powderpuff Champions"; "Beer Bike – Wake Up WIESSSSS!!!"	P
campanile2012_p172_trojan-warpig.pdf	2012	172	176	"Trojan Warpig / Beerseige our enemies!"—the wooden pig's debut, built by the Class of 2012	P
Full scans of the 1984, 1985, 1986, 1987 Campaniles are on the owner's drive (campanile198Xrice.pdf, archive.org text layers). The 1986 Beer Bike spread (pp.232–235) shows no pig, consistent with "No one reported the birth of the War Pig".
