term	definition	source_key	locator
Acabowl	1. The Wiess courtyard. The social epicenter of Wiess, which frequently features people hanging out, playing soccer and studying.	oweek-2008	part 7 p.3
Acaglider	1. Giant swinging covered picnic table of glory, in the Acabowl.	oweek-2008	part 7 p.3
Acagrill	1. A grill, in the Acabowl.	oweek-2008	part 7 p.3
Acahammock	1. A hammock, in the Acabowl.	oweek-2008	part 7 p.3
Acaterrace	1. The terrace behind the Commons that we unfortunately have to share with Hanszen.	oweek-2008	part 7 p.3
Acatramp	1. A trampoline, in the Acabowl.	oweek-2008	part 7 p.3
Basement	1. A hard-to-get to area under the servery used for storage.	oweek-2008	part 7 p.3
Battlesows	1. Affectionate name for the back-to-back defending champion Wiess powderpuff football team.	oweek-2008	part 7 p.3
Big Bang	1. Party held for the freshmen after they ace their first round of exams.	oweek-2008	part 7 p.3
Brent	1. Wiess RA orginially hailing from Illinois. Find this man teaching Fluid Mechanics, scuba diving, or just hanging out around Wiess.	oweek-2008	part 7 p.3
Cabinet	1. Governing body of Wiess. Throws great parties—er meetings—every other Wednesday.	oweek-2008	part 7 p.3
Christa	1. Our community service lovin' RA hailing from her native Philadelphia. Always around to answer a question or lend a helping hand!!	oweek-2008	part 7 p.3
Christie	1. Former Wiess RA and wife of Doward. Class of 2001 from South Dakota. A chemical engineer with crazy work hours and the ability to organize anything.	oweek-2008	part 7 p.3
Coffeehouse Night	1. An evening of entertainment featuring performing Wiessmen and free caffeine.	oweek-2008	part 7 p.3
Commons	1. The place to be. You will eat here, study here, act here, play here, party here, hangout here and well, live here.	oweek-2008	part 7 p.3
College Idiot	1. An honorary office conferred upon one deserving Wiessmen each year. The awesome responsibility of donning the Great Pumpkin guise on Halloween night remains the greatest part of this position, but a penchant for general mischief and mayhem are helpful character traits.	oweek-2008	part 7 p.3
College night	1. A day filled with college bonding, hanging out, a nice dinner and an evening of entertainment. Always held the last day of classes.	oweek-2008	part 7 p.3
Corner	1. To pull up an extra chair at the corner of a table. Frequently occurs during meals, but never at formal occasions.	oweek-2008	part 7 p.3
Delancey and Kelsey	1. Daughters of Mike and Denise. To be found returning only periodically from out-of-state.	oweek-2008	part 7 p.3
Denise	1. Wiess Master and dog enthusiast, lover of the arts and bargain shopping.	oweek-2008	part 7 p.3
Doward	1. Former Wiess RA and husband of Christie. Class of 2001. Most likely to find him biking around the city or stopping by Wiess to talk about the good ol' days.	oweek-2008	part 7 p.3
Dr. Bill	1. The Man. The Legend. Ask any Wiessman and he will be glad to tell of this extraordinary friend and mentor.	oweek-2008	part 7 p.3
Fellows	1. Peer advisors for new students of Wiess College. They are awesome!	oweek-2008	part 7 p.3
Filmfest	1. A 24-hour film marathon held during Dead Week. 2. The best way to waste time when you should be studying.	oweek-2008	part 7 p.4
Five-man	1. Popular suite at Wiess, which typically ends up being a hangout location for thirsty Wiessmen.	oweek-2008	part 7 p.4
Freshmen One-Acts	1. First Tabletop production of the year, which includes, you guessed it, one-acts featuring freshfers.	oweek-2008	part 7 p.4
Freshmen Service Points	1. It's called "giving back to the wonderful place that is your home, aka Wiess." 2. Four hours of required service for freshmen.	oweek-2008	part 7 p.4
Goldenrod	1. The official Wiess color. It will soon dominate your wardrobe.	oweek-2008	part 7 p.4
Gopher	1. Assistants to the head fellows.	oweek-2008	part 7 p.4
Ivy	1. The foliage that is attempting to grow up the metal grating.	oweek-2008	part 7 p.4
Jamfest	1. One of the coolest parties at Rice. Held during the spring, Wiess books live bands and people hang out in the Acabowl all day.	oweek-2008	part 7 p.4
Mike	1. Wiess Master and Biology professor. Can always be found right next door to Wiess eager to talk.	oweek-2008	part 7 p.4
Nancy	1. Our New College coordinator. If you need to know anything about anything, she's the one to ask.	oweek-2008	part 7 p.4
Night of Decadence (NOD)	1. The biggest party at Rice. Held at Wiess on the last Friday of October, it features a live band, interesting decorations and creative costumes.	oweek-2008	part 7 p.4
OC Lounge	1. Off-campus Lounge. Hang out room for all the off-campus people.	oweek-2008	part 7 p.4
PDR	1. Private dining room. A smaller room attached to the Commons. Used for studying and as a dressing room during Tabletop productions.	oweek-2008	part 7 p.4
Pumpkin caroling	1. The spreading of Halloween cheer, led by the College Idiot. Features Halloween songs, candles and a visit to the other colleges.	oweek-2008	part 7 p.4
Sandy	1. 4-Legged friend and live-in housemate to Mike and Denise, who will be happy to make your acquaintance.	oweek-2008	part 7 p.4
Sue	1. Ex-College Coordinator who is still really awesome and loves chocolate.	oweek-2008	part 7 p.4
Summit	1. Weekend retreat to discuss Wiess issues and bond far away from campus.	oweek-2008	part 7 p.4
Tabletop	1. Wiess theatre. 2. The best theatre production group on campus.	oweek-2008	part 7 p.4
Team Wiess	1. The most powerful cheer on campus. 2. The embodiment of everything that makes Wiess College cool.	oweek-2008	part 7 p.4
TFW	1. An abbreviation of Team Wiess. Includes a little emphasis. Family, right?	oweek-2008	part 7 p.4
Turnover	1. Party to celebrate the new Cabinet.	oweek-2008	part 7 p.4
TV room	1. An awesome room on the fourth floor, featuring a big-screen TV and surround sound. 2. Site of filmfest and open for use at any time.	oweek-2008	part 7 p.4
Ubangee	1. A unique Wiess celebration of life. If you have any questions, just ask a friendly Wiessmen.	oweek-2008	part 7 p.4
War pig	1. Former Wiess mascot. Embodied by an enormous, inflatable pig. Has its own cheer: The Pig Will Fly!	oweek-2008	part 7 p.4
Wiess Master House	1. Mike and Denise's house. Where everybody knows your name, and	oweek-2008	part 7 p.4
45, 90, 180	1. Three big slabs of rock in the Engineering Quad. 2. The type of name an engineer would give a piece of art.	oweek-2008	part 7 p.5
Academ	1. A person majoring in liberal arts. 2. Called slack-adems by jealous S/Es.	oweek-2008	part 7 p.5
Archi (AR-kee)	1. A student majoring in architecture.	oweek-2008	part 7 p.5
Associate	1. Faculty, staff or community members associated with a college. 2. Darned good people to know.	oweek-2008	part 7 p.5
Backpage	1. The humorous last page of the Thresher. Contains stuff somebody thinks is funny. Usually the first thing read in each week’s issue.	oweek-2008	part 7 p.5
Baker	1. A lesser college distinguished by its old Commons. 2. A lesser college indistinguishable from neighboring Will Rice.	oweek-2008	part 7 p.5
Beer-Bike	1. A competitive intercollege race held in the spring in which ten bikers and ten chuggers from each college compete in a struggle for personal and college pride. 2. A day full of events, including the race, a parade and a water balloon fight.	oweek-2008	part 7 p.5
Beyond the hedges	1. The real world.	oweek-2008	part 7 p.5
Big three	1. Classes frequently taken by freshmen. Physics, Chemistry and Calculus.	oweek-2008	part 7 p.5
Brown	1. A lesser college distinguished by its distance from the rest of campus. 2. A lesser college indistinguishable from neighboring Jones.	oweek-2008	part 7 p.5
Campanile	1. A bell tower of any kind. 2. Rice’s yearbook 3. An undergraduate orchestra.	oweek-2008	part 7 p.5
Cloisters	1. Collection of offices adjacent to the Student Center.	oweek-2008	part 7 p.5
Club 13	1. An organization whose sole function is to undress, smear shaving cream on their bodies and run around campus leaving a slimy trail of body prints. 2. A favorite target of Wiessmen with buckets of water.	oweek-2008	part 7 p.5
Coffeehouse	1. Student-run shop in the Student Center that provides caffeine to needy students.	oweek-2008	part 7 p.5
Cohen House	1. The faculty dining club near Sewall Hall. Eat here if you get a chance.	oweek-2008	part 7 p.5
College night [Rice speak]	1. Same event, but held in far lesser ways by other colleges.	oweek-2008	part 7 p.5
13th Street	1. Store in the Student Center that sells snacks and drinks late at night.	oweek-2008	part 7 p.5
'80s Party	1. Party that brings back both memories and clothing.	oweek-2008	part 7 p.5
Esperanza	1. Fall formal. Traditionally a girl-ask-guy affair.	oweek-2008	part 7 p.6
Forman	1. Dean Robin Forman - Dean of Undergraduate Education.	oweek-2008	part 7 p.6
Hanszen	1. A lesser college distinguished by its lack of anything cool. 2. A lesser college indistinguishable from a pile of bricks.	oweek-2008	part 7 p.6
Hedges	1. Extensive botanical growth that surrounds campus and is in the quad 2. Fun things to jump over. 3. See “beyond the hedges”	oweek-2008	part 7 p.6
House of Pies	1. Twenty-four hour diner frequented by Rice students.	oweek-2008	part 7 p.6
Inner Loop	1. One-way loop that runs around the center of campus.	oweek-2008	part 7 p.6
Ironman/Ironwoman	1. Someone who rides and chugs at Beer-Bike.	oweek-2008	part 7 p.6
Jack	1. A prank pulled on another college	oweek-2008	part 7 p.6
Jones	1. A lesser college distinguished by the brightly colored Jones House. 2. A lesser college indistinguishable from Brown.	oweek-2008	part 7 p.6
KTRU (KAY-true)	1. The Rice radio station, 91.7 FM.	oweek-2008	part 7 p.6
Leebron (and Ping)	1. David Leebron - President of the University. Ping his wife.	oweek-2008	part 7 p.6
Lovett	1. A lesser college distinguished by its concrete grating. 2. A lesser college indistinguishable from a toaster.	oweek-2008	part 7 p.6
Martel	1. A lesser college distinguished by its lack of spirit. 2. A dorm on the north side of campus.	oweek-2008	part 7 p.6
Matriculation	1. Ceremony held during O-Week to officially welcome you to Rice.	oweek-2008	part 7 p.6
Meet Sheet	1. Officially the Newcomers’ Guide, a book with a catalogue of pictures of all incoming students. 2. A helpful resource when finding a Screw Yer Roommate date for your roommate.	oweek-2008	part 7 p.6
MOB	1. The Marching Owl Band. That doesn’t march.	oweek-2008	part 7 p.6
Musi (Myoo-zee)	1. A student majoring in music.	oweek-2008	part 7 p.6
O-Week	1. The best week ever.	oweek-2008	part 7 p.6
OC	1. Off campus. 2. Outside the loop. 3. Your sophomore year.	oweek-2008	part 7 p.6
Outer Loop	1. The path that encircles campus. 2. A 3-mile long path that’s great for a jog, or random people watching.	oweek-2008	part 7 p.6
P/F	1. Pass/fail. A fun way to take a class.	oweek-2008	part 7 p.6
Pub	1. “The Pub” or “Willy’s Pub” located in the basement of the Student Center. 2. A great place to get pizza, nachos and smoothies, plus things alcoholic	oweek-2008	part 7 p.6
Pumpkin grades	1. Mid-semester grades given to freshfers in the fall.	oweek-2008	part 7 p.6
Quad	1. The central academic quadrangle around Willy’s Statue.	oweek-2008	part 7 p.6
Rice Players	1. Only campus theatre group not associated with a college.	oweek-2008	part 7 p.7
RMC	1. Rice Memorial Center. 2. The Student Center. 3. Where you can find the bookstore, the convienence store, and Smoothie King (yummy!).	oweek-2008	part 7 p.7
Sallyport	1. The big archway in Lovett Hall. 2. DO NOT walk out of it until you graduate!!!	oweek-2008	part 7 p.7
Sammy the Owl	1. The Rice mascot. Friendly little guy.	oweek-2008	part 7 p.7
SCC	1. College Computing Associates. 2. Friendly people in your college who will help you when your computer acts up.	oweek-2008	part 7 p.7
S/E	1. A student majoring in science or engineering.	oweek-2008	part 7 p.7
Sid Rich	1. A lesser college distinguished by its height. 2. A lesser college indistinguishable from the Medical Center.	oweek-2008	part 7 p.7
Squirrels	1. Creatures seen throughout campus. Known to be very crazy. 2. They're brazen little suckers...	oweek-2008	part 7 p.7
TC	1. Taco Cabana. A twenty-four hour food-serving institution and an all-nighter’s best friend.	oweek-2008	part 7 p.7
Thresher	1. Rice’s student-operated newspaper. 2. Check out the Backpage for some ole' time ribbing, hehehe.	oweek-2008	part 7 p.7
Trasher	1. The April’s Fool newspaper.	oweek-2008	part 7 p.7
Ultimate	1. The frisbee-lacrosse-soccer amalgam frequently played on campus.	oweek-2008	part 7 p.7
Valhalla	1. The other pub on campus. 2. A good place for cheap beer. 3. A cool place frequented by graduate students.	oweek-2008	part 7 p.7
Village	1. A shopping area just west of campus. 2. A good source of restaurants within walking distance. 3. A fun place to hang out at night.	oweek-2008	part 7 p.7
Wiess	1. The best college. 2. A college unlike any other. 3. Your new wonderful home.	oweek-2008	part 7 p.7
Will Rice	1. A lesser college distinguished by its obsession with Beer-Bike. 2. A lesser college indistinguishable from Baker.	oweek-2008	part 7 p.7
Willy’s Statue	1. A two-ton brass likeness of the founder of the university.	oweek-2008	part 7 p.7
SMR	1. Student Maintenance Representative. 2. The person to find if you lose your key or something breaks.	oweek-2008	part 7 p.7
U. Blue	1. Undergraduate literary magazine. 2. Also, there is R2, Rice's newest literary publication.	oweek-2008	part 7 p.7
